183,225,1
183,225,1
183,225,1
183,225,1
183,1215,1
183,1215,1
183,1215,1
183,1215,1
183,50,2
183,50,2
183,50,2
183,50,2
183,54,2
183,54,2
183,54,2
183,54,2
183,62,2
183,62,2
183,62,2
183,62,2
183,181,2
183,181,2
183,181,2
183,181,2
183,250,2
183,250,2
183,250,2
183,250,2
183,257,2
183,257,2
183,257,2
183,257,2
183,265,2
183,265,2
183,265,2
183,265,2
183,375,2
183,375,2
183,375,2
183,375,2
183,431,2
183,431,2
183,431,2
183,431,2
183,449,2
183,449,2
183,449,2
183,449,2
183,1090,2
183,1090,2
183,1090,2
183,1090,2
183,77,3
183,77,3
183,77,3
183,77,3
183,88,3
183,88,3
183,88,3
183,88,3
183,94,3
183,94,3
183,94,3
183,94,3
183,96,3
183,96,3
183,96,3
183,96,3
183,121,3
183,121,3
183,121,3
183,121,3
183,144,3
183,144,3
183,144,3
183,144,3
183,176,3
183,176,3
183,176,3
183,176,3
183,203,3
183,203,3
183,203,3
183,203,3
183,210,3
183,210,3
183,210,3
183,210,3
183,226,3
183,226,3
183,226,3
183,226,3
183,229,3
183,229,3
183,229,3
183,229,3
183,258,3
183,258,3
183,258,3
183,258,3
183,270,3
183,270,3
183,270,3
183,270,3
183,294,3
183,294,3
183,294,3
183,294,3
183,331,3
183,331,3
183,331,3
183,331,3
183,356,3
183,356,3
183,356,3
183,356,3
183,450,3
183,450,3
183,450,3
183,450,3
183,562,3
183,562,3
183,562,3
183,562,3
183,1159,3
183,1159,3
183,1159,3
183,1159,3
183,1217,3
183,1217,3
183,1217,3
183,1217,3
183,55,4
183,55,4
183,55,4
183,55,4
183,159,4
183,159,4
183,159,4
183,159,4
183,202,4
183,202,4
183,202,4
183,202,4
183,212,4
183,212,4
183,212,4
183,212,4
183,216,4
183,216,4
183,216,4
183,216,4
183,222,4
183,222,4
183,222,4
183,222,4
183,227,4
183,227,4
183,227,4
183,227,4
183,228,4
183,228,4
183,228,4
183,228,4
183,241,4
183,241,4
183,241,4
183,241,4
183,273,4
183,273,4
183,273,4
183,273,4
183,380,4
183,380,4
183,380,4
183,380,4
183,405,4
183,405,4
183,405,4
183,405,4
183,649,4
183,649,4
183,649,4
183,649,4
183,720,4
183,720,4
183,720,4
183,720,4
183,739,4
183,739,4
183,739,4
183,739,4
183,177,5
183,177,5
183,177,5
183,177,5
183,230,5
183,230,5
183,230,5
183,230,5
183,274,5
183,274,5
183,274,5
183,274,5
183,483,5
183,483,5
183,483,5
183,483,5
183,485,5
183,485,5
183,485,5
183,485,5
