0.24937637891154818 , 1 , 455
0.32745160259135736 , 2 , 455
-0.17996850826633912 , 3 , 455
0.5619514869490144 , 4 , 455
0.02776784847319135 , 5 , 455
0.2633884933498917 , 6 , 455
0.14752199348258602 , 7 , 455
0.5177930259614689 , 8 , 455
0.19364916731036474 , 9 , 455
0.46455562891269825 , 10 , 455
0.29412035427935546 , 11 , 455
-0.2924486350972966 , 12 , 455
0.3371421991866697 , 13 , 455
0.12157236953921877 , 14 , 455
-0.14295907271333805 , 15 , 455
0.22795981729150852 , 16 , 455
0.500297707677466 , 17 , 455
0.10627573039328984 , 18 , 455
0.363696483726654 , 19 , 455
0.018535476872364606 , 20 , 455
0.3194258441092705 , 21 , 455
0.15949799288460043 , 22 , 455
0.0995774696153867 , 23 , 455
0.3533475472733412 , 24 , 455
-0.23672089131251853 , 25 , 455
0.27530332038280614 , 26 , 455
-0.05611504152845286 , 27 , 455
-0.16752840023072416 , 28 , 455
0.20953951903123905 , 29 , 455
0.2985689751082017 , 30 , 455
-0.04166666666666728 , 31 , 455
0.3717301489312905 , 32 , 455
0.11516335992621955 , 33 , 455
0.581987695247378 , 34 , 455
-0.2354354778987091 , 35 , 455
-0.09090909090909091 , 36 , 455
-0.07263120606789548 , 37 , 455
0.048168944720655825 , 38 , 455
-0.16539535392599136 , 39 , 455
-0.29408584883752364 , 40 , 455
0.19494233137729308 , 41 , 455
0.24472419789445032 , 42 , 455
0.24058076745283655 , 43 , 455
0.1409336448408768 , 44 , 455
0.6060915267313262 , 45 , 455
0.736025682971866 , 46 , 455
0.1807607963865135 , 47 , 455
0.20024856348115466 , 48 , 455
-0.09102262551903437 , 49 , 455
-0.07569125885243733 , 50 , 455
0.6064496310619684 , 51 , 455
0.2986211700040772 , 52 , 455
0.14852213144650184 , 53 , 455
0.45872454628011256 , 54 , 455
0.30612244897959184 , 55 , 455
0.2051320905260344 , 56 , 455
0.1393147652406651 , 57 , 455
0.27057263954913746 , 58 , 455
0.24149537393674209 , 59 , 455
0.09953409384736593 , 60 , 455
0.7006490497453705 , 61 , 455
0.27309916464072426 , 62 , 455
0.06645888788083798 , 63 , 455
0.1942665232222592 , 64 , 455
0.20975046088141622 , 65 , 455
0.0928465868860575 , 66 , 455
-0.09759000729485146 , 67 , 455
0.29722593765437033 , 68 , 455
0.17071334268365274 , 69 , 455
0.41940939602971605 , 70 , 455
0.06137689538964347 , 71 , 455
0.1304381936037326 , 72 , 455
0.27980002368936063 , 73 , 455
0.25513125674454284 , 74 , 455
0.36009929029301185 , 75 , 455
0.48839761778140495 , 76 , 455
0.04222003309207553 , 77 , 455
-0.17449561011302886 , 78 , 455
0.2638634403243971 , 79 , 455
-0.1597446127661737 , 80 , 455
0.28429928978750557 , 81 , 455
0.18374179205709587 , 82 , 455
0.08196012623235148 , 83 , 455
0.1444501502417404 , 84 , 455
0.30901976126755787 , 85 , 455
0.34050261230349993 , 86 , 455
0.4289067429464702 , 87 , 455
0.5237849266164969 , 88 , 455
0.35052930479334077 , 89 , 455
0.2134852999405929 , 90 , 455
0.11161824870353276 , 91 , 455
0.2009441753954918 , 92 , 455
-0.20100756305184153 , 93 , 455
0.3102771473863711 , 94 , 455
0.16659645566546036 , 95 , 455
0.5069468747511422 , 96 , 455
-0.0100659239904281 , 97 , 455
0.1060660171779821 , 98 , 455
0.1372302642495873 , 99 , 455
0.6513326814824059 , 100 , 455
0.1590909090909076 , 101 , 455
0.2063934423017151 , 102 , 455
0.16537081244396068 , 103 , 455
0.3153155593064757 , 104 , 455
0.12379689211803459 , 105 , 455
0.28436111551887316 , 106 , 455
0.24439745014292566 , 107 , 455
0.4585856929474418 , 108 , 455
0.10208278374896426 , 109 , 455
0.07491227811943399 , 110 , 455
0.16961338288818958 , 111 , 455
0.23354968324845704 , 112 , 455
0.4662995393618911 , 113 , 455
-0.4205107231601629 , 114 , 455
0.1469384534113134 , 115 , 455
0.26153799315929593 , 116 , 455
0.16180118932352217 , 117 , 455
0.10732345786140972 , 118 , 455
0.08338627281028396 , 119 , 455
0.22968080124247547 , 120 , 455
0.36095303300843545 , 121 , 455
0.2971652260017136 , 122 , 455
0.56269922930538 , 123 , 455
-0.407946219915315 , 124 , 455
0.08470318569047872 , 125 , 455
0.20743642876129723 , 126 , 455
-0.5112865435867875 , 127 , 455
0.03823411821720307 , 128 , 455
0.659082043657308 , 129 , 455
0.27628265841273086 , 130 , 455
-0.0480391852115998 , 131 , 455
-0.08838834764832111 , 132 , 455
0.19069251784911848 , 133 , 455
0.1929270423565774 , 134 , 455
0.3117479103344723 , 135 , 455
0.2449489742783177 , 136 , 455
0.1607460012897492 , 137 , 455
0.3370526488229122 , 138 , 455
0.38604401609572364 , 139 , 455
0.31047081711472246 , 140 , 455
0.10717502734539634 , 141 , 455
0.09123087818658793 , 142 , 455
-0.6121460921524142 , 143 , 455
0.15952964129581 , 144 , 455
0.24024270094301575 , 145 , 455
0.23354968324845687 , 146 , 455
-0.45883146774112155 , 147 , 455
-0.398248966506604 , 148 , 455
0.6163920909019225 , 149 , 455
0.1516165004508593 , 150 , 455
0.15384615384615477 , 151 , 455
-0.007895428709972493 , 152 , 455
0.20813769394078807 , 153 , 455
0.5487996923853045 , 154 , 455
0.024753688574417385 , 155 , 455
0.21354071087948903 , 156 , 455
0.43931823848781804 , 157 , 455
0.43147916028003136 , 158 , 455
-0.011209796011878168 , 159 , 455
0.1616023752504891 , 160 , 455
0.03167986936336878 , 161 , 455
0.5325352101035206 , 162 , 455
0.3809523809523797 , 163 , 455
0.1480872194397729 , 164 , 455
0.24693239916239781 , 165 , 455
-0.22821773229381867 , 166 , 455
0.03309516961607478 , 167 , 455
0.31286302785008263 , 168 , 455
0.507952032356968 , 169 , 455
0.16129032258064568 , 170 , 455
0.5735393346764032 , 171 , 455
0.3779644730092272 , 172 , 455
0.19298834864156827 , 173 , 455
-0.030567282168274545 , 174 , 455
0.03554383937065315 , 175 , 455
0.08211730681214488 , 176 , 455
0.12410819680171213 , 177 , 455
0.2311832406369243 , 178 , 455
0.2885789576357568 , 179 , 455
0.02389420763551597 , 180 , 455
0.0688484791667963 , 181 , 455
0.4363624484072024 , 182 , 455
-0.47441486684602635 , 183 , 455
-0.027021286987524828 , 184 , 455
0.3336488405817561 , 185 , 455
0.2078331077449299 , 186 , 455
0.21427567839169184 , 187 , 455
0.08114492663518223 , 188 , 455
0.25106338208584295 , 189 , 455
-0.06039799547852139 , 190 , 455
0.11470786693528161 , 191 , 455
0.348699469561301 , 192 , 455
0.005705350447579239 , 193 , 455
0.22487943037249827 , 194 , 455
0.16781215551988699 , 195 , 455
-0.012216944435630884 , 196 , 455
0.33256419938216897 , 197 , 455
0.3389849674645351 , 198 , 455
0.6321265341207492 , 199 , 455
0.32910292404228486 , 200 , 455
0.16249969501420664 , 201 , 455
0.15699277117262458 , 202 , 455
0.06306758861177558 , 203 , 455
0.060658151094415136 , 204 , 455
-0.04828045495852676 , 205 , 455
0.09223203974951186 , 206 , 455
0.12618723512438923 , 207 , 455
0.029695693545825803 , 208 , 455
0.04351941398892371 , 209 , 455
0.6110607291021244 , 210 , 455
0.21780342093451605 , 211 , 455
-0.6002982499928337 , 212 , 455
0.1685696024074864 , 213 , 455
-0.04204892966360847 , 214 , 455
0.35248749369260984 , 215 , 455
0.06782463959045253 , 216 , 455
0.08272841036696739 , 217 , 455
0.08043011062666688 , 218 , 455
-0.08873565094161172 , 219 , 455
-0.17888543819998465 , 220 , 455
-0.1826788986177296 , 221 , 455
0.24526207532656377 , 222 , 455
0.0748800208031876 , 223 , 455
0.12060525047697246 , 224 , 455
0.26919095102908275 , 225 , 455
-0.25039154291806875 , 226 , 455
0.4584324159889618 , 227 , 455
0.126478563700026 , 228 , 455
-0.4146442144313646 , 229 , 455
-0.004087554618781602 , 230 , 455
0.1210898699241207 , 231 , 455
-0.1906729001843185 , 232 , 455
0.09217414181802912 , 233 , 455
0.24433018271200613 , 234 , 455
0.175324651185336 , 235 , 455
0.04012812253697145 , 236 , 455
0.09480909262799737 , 237 , 455
0.5072342224829962 , 238 , 455
0.0124722605797748 , 239 , 455
-0.24056261216234373 , 240 , 455
-0.20327890704543541 , 241 , 455
-0.14852213144650206 , 242 , 455
0.19511808217038143 , 243 , 455
0.2570982452464554 , 244 , 455
-0.6793662204867533 , 245 , 455
-0.03284008046606713 , 246 , 455
0.2988071523335996 , 247 , 455
0.11469000940159435 , 248 , 455
0.19903872988891666 , 249 , 455
0.2835379655529581 , 250 , 455
0.20006820808716633 , 251 , 455
0.43301270189221774 , 252 , 455
0.02201374086278466 , 253 , 455
0.41898413009739893 , 254 , 455
0.25789347199218465 , 255 , 455
-0.10323881117160127 , 256 , 455
0.24390041015124 , 257 , 455
0.5105888684213862 , 258 , 455
0.2425905783679347 , 259 , 455
-0.04682929057908567 , 260 , 455
0.4938647983247952 , 261 , 455
0.09199400023866859 , 262 , 455
0.37417416739953 , 263 , 455
-0.10715492473073088 , 264 , 455
-0.048795003647426664 , 265 , 455
0.5681236355099274 , 266 , 455
0.21270067666949663 , 267 , 455
0.15557646869338693 , 268 , 455
0.2491779169172841 , 269 , 455
0.23988644798568293 , 270 , 455
0.3548439403672807 , 271 , 455
0.30391533692741857 , 272 , 455
-0.6201736729460422 , 273 , 455
0.3792392229059783 , 274 , 455
0.3250371748536765 , 275 , 455
0.35169465341019795 , 276 , 455
-0.11392695481073883 , 277 , 455
0.3428371529353775 , 278 , 455
-0.10249347861905724 , 279 , 455
0.0010751726870499379 , 280 , 455
-0.2917299829957891 , 281 , 455
0.22518867455552152 , 282 , 455
0.4731266379568145 , 283 , 455
0.17159207034167975 , 284 , 455
-0.5310850045437943 , 285 , 455
-0.010689310486389712 , 286 , 455
0.20195150782614177 , 287 , 455
0.3169132487327599 , 288 , 455
0.22860022860034335 , 289 , 455
0.2845865266460543 , 290 , 455
0.13053762456003318 , 291 , 455
0.4363551288613669 , 292 , 455
0.2724383676196862 , 293 , 455
0.402127448619806 , 294 , 455
0.10719334178182942 , 295 , 455
0.5055943674279493 , 296 , 455
0.30449147870307847 , 297 , 455
0.086629616364842 , 298 , 455
0.2842925845856751 , 299 , 455
-0.3333333333333333 , 300 , 455
0.17037366364209394 , 301 , 455
-0.1084652289093278 , 302 , 455
0.3733605626190691 , 303 , 455
0.1807753815155468 , 304 , 455
0.16881058098780222 , 305 , 455
0.22813853127380665 , 306 , 455
0.04395309388851457 , 307 , 455
0.20675141788743717 , 308 , 455
0.5976143046671971 , 309 , 455
-0.05773502691896428 , 310 , 455
0.16933139150672696 , 311 , 455
0.1577146106833654 , 312 , 455
0.4111607147766159 , 313 , 455
-0.07773845502549136 , 314 , 455
0.31977922761491345 , 315 , 455
0.03997019198098751 , 316 , 455
0.17149858514250824 , 317 , 455
0.01581831306716146 , 318 , 455
0.4803844614152611 , 319 , 455
0.1923593717250288 , 320 , 455
0.3273268353539893 , 321 , 455
0.36028834606144594 , 322 , 455
0.34222188432256356 , 323 , 455
0.22639544564301597 , 324 , 455
0.24532214777065664 , 325 , 455
0.16219097321461995 , 326 , 455
-0.06470669157876643 , 327 , 455
0.15399135667785685 , 328 , 455
0.5705788180415625 , 329 , 455
0.03649382045471563 , 330 , 455
0.06048288757811235 , 331 , 455
0.28376509169481295 , 332 , 455
0.31094670840845956 , 333 , 455
0.2482391249571706 , 334 , 455
-0.385758374905229 , 335 , 455
0.13521811570396827 , 336 , 455
-0.008537347209531861 , 337 , 455
-0.23007943286160512 , 338 , 455
0.20187861031253143 , 339 , 455
-0.2754823994389096 , 340 , 455
0.8660254037844378 , 341 , 455
0.054303971229566386 , 342 , 455
0.1446462111817753 , 343 , 455
0.2622386989200035 , 344 , 455
0.24475505774491524 , 345 , 455
0.37479808574553325 , 346 , 455
0.3252961634534073 , 347 , 455
0.1294369603381131 , 348 , 455
0.023803466037001533 , 349 , 455
0.2961188488445413 , 350 , 455
0.5314372480258985 , 351 , 455
0.014408539348900828 , 352 , 455
0.4716211091418993 , 353 , 455
0.1982830467301625 , 354 , 455
-0.22941573387056174 , 355 , 455
0.14852213144650175 , 356 , 455
0.25151608424234717 , 357 , 455
-0.4063789482501655 , 358 , 455
0.6934614458509706 , 359 , 455
0.36421569733743087 , 360 , 455
0.35598118000648166 , 361 , 455
0.4938439597080077 , 362 , 455
0.04529398089122012 , 363 , 455
0.717804919486502 , 364 , 455
-0.25454618937086676 , 365 , 455
-0.053059544997250976 , 366 , 455
0.027022092836749764 , 367 , 455
0.2712014236025934 , 368 , 455
0 , 369 , 455
0.2883239304377012 , 370 , 455
0.3774449339691358 , 371 , 455
-0.08015062843348382 , 372 , 455
-0.3297338133255778 , 373 , 455
0.10886388328858206 , 374 , 455
0.44485084203895014 , 375 , 455
0.7218818948817435 , 376 , 455
0.2660359367025921 , 377 , 455
0.19900447799260998 , 378 , 455
-0.014642936483877662 , 379 , 455
-0.0729459570540973 , 380 , 455
0.11056951762255823 , 381 , 455
-0.004880895105478244 , 382 , 455
0.14573661340796 , 383 , 455
-0.4117647058823553 , 384 , 455
0.15848827780275276 , 385 , 455
0.24592507443300737 , 386 , 455
0.11320938076955038 , 387 , 455
-0.1323821580326415 , 388 , 455
0.26361654113133615 , 389 , 455
0.1802741146841027 , 390 , 455
0.2525824101600985 , 391 , 455
0.004065605021029839 , 392 , 455
0.1806651237669218 , 393 , 455
0.19266893761105933 , 394 , 455
0.6193433542222789 , 395 , 455
0.15850388084574193 , 396 , 455
0.5351007674497423 , 397 , 455
0.2891508874196963 , 398 , 455
-0.08130050818275185 , 399 , 455
0.38630906522828473 , 400 , 455
-0.22880899656286358 , 401 , 455
0.262699684371023 , 402 , 455
0.09894220890261066 , 403 , 455
-0.0507346289431841 , 404 , 455
0.19184445328696828 , 405 , 455
0.21698466176304929 , 406 , 455
0.17507440156239162 , 407 , 455
-0.09128709291752739 , 408 , 455
0.2659532674928673 , 409 , 455
0.2773500981126146 , 410 , 455
0.3030800329307808 , 411 , 455
0.4453662816735628 , 412 , 455
0.3987922350386094 , 413 , 455
0.19724211180464615 , 414 , 455
0.3818813079129866 , 415 , 455
0.2839578907184646 , 416 , 455
0.13581435534512454 , 417 , 455
0.2938029801736208 , 418 , 455
0.35016417794664345 , 419 , 455
0.3950918386598358 , 420 , 455
-0.17265080602972077 , 421 , 455
0.3087191421463229 , 422 , 455
0.3078359168264338 , 423 , 455
0.010503066029910751 , 424 , 455
0.0094197963299857 , 425 , 455
0.02734854943722097 , 426 , 455
-0.16205093088804162 , 427 , 455
-0.09636241116594313 , 428 , 455
0.2724984557459457 , 429 , 455
0.13669867809056654 , 430 , 455
0.2425356250363332 , 431 , 455
0.024411591781715456 , 432 , 455
0.510061370450671 , 433 , 455
-0.38334908600273254 , 434 , 455
0.2864860485817521 , 435 , 455
0.06380022762700792 , 436 , 455
0.16102060510334398 , 437 , 455
-0.06959132708982037 , 438 , 455
0.04894413496104964 , 439 , 455
0.09172492321316793 , 440 , 455
0.6134688957245552 , 441 , 455
-0.03421177478113861 , 442 , 455
0.7377214397944276 , 443 , 455
-0.12249473587652683 , 444 , 455
0.2608944946860671 , 445 , 455
0.0890739901840007 , 446 , 455
0.40756959478996085 , 447 , 455
0.3478596385570735 , 448 , 455
0.3449736936565853 , 449 , 455
0.23134920851347038 , 450 , 455
-0.2800560168056024 , 451 , 455
0.28159521318371233 , 452 , 455
0.055242447511158185 , 453 , 455
0.09493801075266588 , 454 , 455
1.0 , 455 , 455
0.07320974960705415 , 456 , 455
0.3550762706397755 , 457 , 455
0.19788714587028836 , 458 , 455
0.19007148031742568 , 459 , 455
0.2724676559082032 , 460 , 455
0.45643546458763856 , 461 , 455
0.12734290799340175 , 462 , 455
0.38116975177128115 , 463 , 455
0.1259881576697424 , 464 , 455
0.13721270538705305 , 465 , 455
0.06787229638169982 , 466 , 455
0.20820662813656934 , 467 , 455
0.23591498101632927 , 468 , 455
0.0 , 469 , 455
0.3298515545492431 , 470 , 455
0.19705404644299868 , 471 , 455
0.20104998303516058 , 472 , 455
0.4856005150965227 , 473 , 455
0.36708593699715725 , 474 , 455
-0.43651893485598536 , 475 , 455
0.3267967510622686 , 476 , 455
0.0 , 477 , 455
-0.24840096092454284 , 478 , 455
0.2873802256032875 , 479 , 455
-0.09828724436092871 , 480 , 455
0.33547759779485614 , 481 , 455
0.04236713434487473 , 482 , 455
0.2806906376111495 , 483 , 455
0.35899672928262416 , 484 , 455
0.1617491598051576 , 485 , 455
0.3310840479271563 , 486 , 455
0.30117144211682534 , 487 , 455
0.2187781183948259 , 488 , 455
0.5285426310906151 , 489 , 455
0.4578877455457463 , 490 , 455
0.1317615691736825 , 491 , 455
0.2064741604835064 , 492 , 455
0.08010257063070496 , 493 , 455
0.16054909446557575 , 494 , 455
0.23599804778055955 , 495 , 455
0.003918304349235098 , 496 , 455
0.2639912664650893 , 497 , 455
0.12860761426553813 , 498 , 455
-0.04067259173910651 , 499 , 455
0.084051575875371 , 500 , 455
0.3897064609890215 , 501 , 455
-0.053328593224598195 , 502 , 455
0.2550164375924702 , 503 , 455
-0.046828075054229854 , 504 , 455
-0.23965965627576497 , 505 , 455
0.27481193620603517 , 506 , 455
-0.14787533676335726 , 507 , 455
0.3363568487982617 , 508 , 455
0.3195195771482482 , 509 , 455
0.4530079997177742 , 510 , 455
0.0698430295769569 , 511 , 455
-0.09817613873476194 , 512 , 455
0.08873565094161139 , 513 , 455
0.1305482634035787 , 514 , 455
0.03993615319154358 , 515 , 455
0.16412762703128295 , 516 , 455
0.5331160653378353 , 517 , 455
0.09723389836701639 , 518 , 455
0.6933752452815362 , 519 , 455
0.7002186247515693 , 520 , 455
0.14573390140936976 , 521 , 455
0.038180177416058454 , 522 , 455
0.08403356315594823 , 523 , 455
0.2650610130558347 , 524 , 455
0.2249063999915575 , 525 , 455
0.4499612690008757 , 526 , 455
0.24033589337494482 , 527 , 455
-0.06090712125322324 , 528 , 455
-0.011005636329068754 , 529 , 455
0.17888543819998415 , 530 , 455
0.749777150492778 , 531 , 455
0.24989086708365885 , 532 , 455
0.3737912636507962 , 533 , 455
0.05846609949059215 , 534 , 455
-0.01882148907676334 , 535 , 455
0.2962542057646121 , 536 , 455
0.3325085181949717 , 537 , 455
0.37851517793786854 , 538 , 455
-0.293299140819678 , 539 , 455
0.24843749999999973 , 540 , 455
0.24579944960049324 , 541 , 455
0.4035487802650081 , 542 , 455
0.2661476072022905 , 543 , 455
0.6063578567343713 , 544 , 455
0.17817864246007634 , 545 , 455
-0.08642268028735212 , 546 , 455
0.33709993123162235 , 547 , 455
0.20396702789726212 , 548 , 455
0.7090651012169695 , 549 , 455
0.4284870943304044 , 550 , 455
-0.006123257613033035 , 551 , 455
0.46277363115652675 , 552 , 455
-0.1640825308284762 , 553 , 455
0.328413450593349 , 554 , 455
0.33588268237213514 , 555 , 455
-0.04405190168937041 , 556 , 455
0.3318265746685297 , 557 , 455
0.354044096437466 , 558 , 455
-0.021058465757133084 , 559 , 455
0.30686468538246364 , 560 , 455
0.11339613494595355 , 561 , 455
0.24338283669083532 , 562 , 455
0.10768124051411429 , 563 , 455
0.4668165330671047 , 564 , 455
-0.3000000000000025 , 565 , 455
0.15922639054826207 , 566 , 455
-0.04713338277682788 , 567 , 455
0.4262438272973301 , 568 , 455
0.40681092224509835 , 569 , 455
0.5972844604167662 , 570 , 455
0.3818813079129857 , 571 , 455
0.15672078199387574 , 572 , 455
-0.011605177063713189 , 573 , 455
0.36975942898565967 , 574 , 455
-0.04559607525875471 , 575 , 455
0.12625634756865944 , 576 , 455
0.02990161572782566 , 577 , 455
-0.149880117918878 , 578 , 455
0.18522105060808067 , 579 , 455
0.24972287110955868 , 580 , 455
0.4581897949526559 , 581 , 455
0.5354195851282045 , 582 , 455
0.29250896965085155 , 583 , 455
0.0 , 584 , 455
0.20928346186853977 , 585 , 455
-0.03741204508106561 , 586 , 455
0.3801878126154988 , 587 , 455
0.06459005151028481 , 588 , 455
-0.21344139456924124 , 589 , 455
0.561482607862829 , 590 , 455
0.31579308846976867 , 591 , 455
0.3865475518293046 , 592 , 455
0.20510037736527537 , 593 , 455
-0.11322770341445956 , 594 , 455
0.48971600050741865 , 595 , 455
0.35011239980033015 , 596 , 455
0.10176802973291374 , 597 , 455
0.4422166387140532 , 598 , 455
-0.49341371149144714 , 599 , 455
0.19393177098339107 , 600 , 455
0.45343332053669455 , 601 , 455
0.06372529878771839 , 602 , 455
0.15285569591066622 , 603 , 455
-0.22107053275171762 , 604 , 455
0.2468751822408426 , 605 , 455
0.1941741926802033 , 606 , 455
0.47905391194027713 , 607 , 455
-0.028584261970720733 , 608 , 455
-0.10313642999383453 , 609 , 455
-0.15942890088431969 , 610 , 455
0.40032038451271784 , 611 , 455
-0.18621132493553416 , 612 , 455
-0.06110100926607791 , 613 , 455
0.30079144802688923 , 614 , 455
0.4539796922502258 , 615 , 455
0.3579754923025385 , 616 , 455
0.1197350946506295 , 617 , 455
0.32155024552218114 , 618 , 455
0.40007034728697727 , 619 , 455
0.030139673495735035 , 620 , 455
0.1853481698648931 , 621 , 455
0.08929408132532796 , 622 , 455
0.3132935747653421 , 623 , 455
0.40101638521649347 , 624 , 455
0.426449297271366 , 625 , 455
0.6534825359149601 , 626 , 455
0.096797919766549 , 627 , 455
-0.11470786693528087 , 628 , 455
0.3743087545887803 , 629 , 455
-0.11947312799384092 , 630 , 455
0.0778498944161523 , 631 , 455
0.2569353626216368 , 632 , 455
0.24245538759975793 , 633 , 455
0.25184592002196 , 634 , 455
0.32146531242102383 , 635 , 455
-0.22278319716975034 , 636 , 455
0.13687589996200086 , 637 , 455
-0.3150184775872267 , 638 , 455
0.050130719177322806 , 639 , 455
0.29444236520845335 , 640 , 455
-0.1889822365046136 , 641 , 455
0.20019950694583702 , 642 , 455
0.11354523537566504 , 643 , 455
0.21889875894272814 , 644 , 455
0.38781845118544866 , 645 , 455
0.162650012158089 , 646 , 455
0.27631877943510136 , 647 , 455
0.16510238848432351 , 648 , 455
0.11762987462991024 , 649 , 455
0.3388050618953911 , 650 , 455
0.5625000000000002 , 651 , 455
0.5700877125495689 , 652 , 455
0.3238044331655129 , 653 , 455
0.23319920034511668 , 654 , 455
0.29347777528505303 , 655 , 455
-0.32826608214930614 , 656 , 455
0.037502930030867465 , 657 , 455
0.4280909835323203 , 658 , 455
0.24583786136196994 , 659 , 455
0.19312691543159857 , 660 , 455
0.13893388650816052 , 661 , 455
0.1203858530857692 , 662 , 455
0.1675049099820872 , 663 , 455
0.2529440939510125 , 664 , 455
0.020855749016117957 , 665 , 455
0.12165916439095627 , 666 , 455
0.39238950911622894 , 667 , 455
0.06234796863885496 , 668 , 455
0.29565732834242503 , 669 , 455
-0.1513059209582074 , 670 , 455
-0.055359206702130494 , 671 , 455
0.1224073688456318 , 672 , 455
0.03808775370892588 , 673 , 455
0.20689756831240275 , 674 , 455
0.04364357804719848 , 675 , 455
0.10208494366893996 , 676 , 455
-0.3356990220322923 , 677 , 455
0.5351939363491999 , 678 , 455
-0.09064105982014084 , 679 , 455
0.18389936167704873 , 680 , 455
0.08813052984784604 , 681 , 455
0.1897948164146877 , 682 , 455
0.20000756186551466 , 683 , 455
-0.04120816918460644 , 684 , 455
-0.15724272550828805 , 685 , 455
-0.03582729873554218 , 686 , 455
0.0 , 687 , 455
-0.759256602365295 , 688 , 455
0.1686298281958037 , 689 , 455
0.4722013224855827 , 690 , 455
-0.19200614429492957 , 691 , 455
0.1537350115670236 , 692 , 455
0.10046793027127376 , 693 , 455
0.47417093918999753 , 694 , 455
-0.0977169949963215 , 695 , 455
0.35355339059327373 , 696 , 455
0.31374964169378056 , 697 , 455
-0.07873647462069974 , 698 , 455
0.15772007446912817 , 699 , 455
0.11724207635211044 , 700 , 455
0.3217254593157679 , 701 , 455
0.39001424475409946 , 702 , 455
0.2928315475807077 , 703 , 455
0.447251459660173 , 704 , 455
-0.10234440254015709 , 705 , 455
0.08501176431688746 , 706 , 455
-0.06928995160692368 , 707 , 455
0.16174690237140016 , 708 , 455
0.2922458434248972 , 709 , 455
0.37322244942009736 , 710 , 455
0.09280652305360321 , 711 , 455
0.14366570530687195 , 712 , 455
0.0 , 713 , 455
0.20730336416256714 , 714 , 455
0.28030635798561104 , 715 , 455
0.3087137559419111 , 716 , 455
0.3456973540136292 , 717 , 455
0.03253000243161777 , 718 , 455
0.06257881872842418 , 719 , 455
0.15504341823650913 , 720 , 455
0.3708555394301266 , 721 , 455
0.4105929254576441 , 722 , 455
0.45374260648651776 , 723 , 455
-0.006435560762482478 , 724 , 455
0.5472151719794017 , 725 , 455
0.5345224838248488 , 726 , 455
0.1774977881811979 , 727 , 455
-0.01646439104262425 , 728 , 455
0.866025403784439 , 729 , 455
0.5017794742385845 , 730 , 455
-0.014416887323514899 , 731 , 455
0.6201736729460423 , 732 , 455
0.16251357036594702 , 733 , 455
0.17792938399931585 , 734 , 455
0.29181784746408873 , 735 , 455
0.7419985160044517 , 736 , 455
0.39890483463613435 , 737 , 455
0.23015734968037785 , 738 , 455
0.1914915731178438 , 739 , 455
0.0 , 740 , 455
0.2084116820318501 , 741 , 455
0.4883931162620061 , 742 , 455
0.5429340910916722 , 743 , 455
0.2171945885116653 , 744 , 455
-0.0651529317046411 , 745 , 455
-0.11122639480116625 , 746 , 455
0.3145237715902765 , 747 , 455
-0.08727984151894327 , 748 , 455
0.18775223392315923 , 749 , 455
-0.1992047682223987 , 750 , 455
0.06125450863697875 , 751 , 455
-0.2532102046401788 , 752 , 455
-0.1250578526383621 , 753 , 455
-0.13736056394868904 , 754 , 455
0.6744532734334627 , 755 , 455
-0.07882773375234048 , 756 , 455
0.1411112522224339 , 757 , 455
0.25741444857027795 , 758 , 455
0.05189010287024596 , 759 , 455
0.03525475467611054 , 760 , 455
-0.11670314209874957 , 761 , 455
0.6546536707079771 , 762 , 455
0.15856415447285716 , 763 , 455
0.04997123538571786 , 764 , 455
0.12742493241929473 , 765 , 455
0.12125131989411131 , 766 , 455
0.03289758474798984 , 767 , 455
0.25062214944816913 , 768 , 455
0.35054260362909506 , 769 , 455
0.012174575873970908 , 770 , 455
-0.2479594173530929 , 771 , 455
0.5518701141703076 , 772 , 455
0.0898490489937532 , 773 , 455
0.018758610750050943 , 774 , 455
0.39223227027637103 , 775 , 455
0.4539326406955044 , 776 , 455
-0.44201503762902417 , 777 , 455
0.12595416102656143 , 778 , 455
0.32175986661593764 , 779 , 455
0.3514708666603225 , 780 , 455
0.24295878948449431 , 781 , 455
0.10241687890595372 , 782 , 455
0.2241327258722093 , 783 , 455
0.31814834473812315 , 784 , 455
0.11560346815606865 , 785 , 455
0.10922737973057225 , 786 , 455
0.5017452060042544 , 787 , 455
0.250386077996266 , 788 , 455
0.0930988128231452 , 789 , 455
0.0 , 790 , 455
0.601763313775387 , 791 , 455
0.18853064880065584 , 792 , 455
0.24271844660194009 , 793 , 455
-0.1212678125181666 , 794 , 455
-0.16323685596951318 , 795 , 455
0.18183500257519725 , 796 , 455
0.16051447078102493 , 797 , 455
0.0016160694133013844 , 798 , 455
0.2198983018531399 , 799 , 455
0.017755520605713903 , 800 , 455
0.12196734422726126 , 801 , 455
0.02382641359231646 , 802 , 455
0.625 , 803 , 455
0.149826121879212 , 804 , 455
0.2193075660072013 , 805 , 455
0.23060077836101672 , 806 , 455
0.06344692458069583 , 807 , 455
0.6123724356957948 , 808 , 455
0.5676134788000512 , 809 , 455
0.16163173753211008 , 810 , 455
0.3448951297719369 , 811 , 455
-0.12389865694583799 , 812 , 455
0.6350006350009525 , 813 , 455
-0.27216552697590735 , 814 , 455
0.13106757650141967 , 815 , 455
0.26590801173915524 , 816 , 455
-0.045828239379758 , 817 , 455
-0.3746343246326784 , 818 , 455
0.2842016447406985 , 819 , 455
0.1764705882352936 , 820 , 455
0.26149645813920364 , 821 , 455
0.5773502691896258 , 822 , 455
0.2822407211612967 , 823 , 455
-0.43557240518437723 , 824 , 455
0.0846234324504336 , 825 , 455
-0.043665649843149884 , 826 , 455
-0.05913123959890904 , 827 , 455
0.21048987679036202 , 828 , 455
0.3560279518997102 , 829 , 455
0.27424815347137727 , 830 , 455
0.37653489013626906 , 831 , 455
0.3374235910587115 , 832 , 455
0.21460416098328708 , 833 , 455
0.20646148869262015 , 834 , 455
0.09792708047329547 , 835 , 455
0.2842428569555799 , 836 , 455
0.02994736334545794 , 837 , 455
0.22196428291791223 , 838 , 455
0.4020508655468899 , 839 , 455
0.12787913224432154 , 840 , 455
0.840343067198297 , 841 , 455
0.22821773229381928 , 842 , 455
0.12043433725986509 , 843 , 455
0.1374310783767808 , 844 , 455
1.0 , 845 , 455
0.14645438610115952 , 846 , 455
0.10192461521673556 , 847 , 455
-0.03818739415885567 , 848 , 455
-0.111111111111115 , 849 , 455
-0.2348226445665021 , 850 , 455
0.40289892431984137 , 851 , 455
0.5237638572162525 , 852 , 455
0.07880721660873859 , 853 , 455
0.2289755539550606 , 854 , 455
0.387298334620742 , 855 , 455
0.696310623822791 , 856 , 455
0.31304951684997 , 857 , 455
0.5657998755240412 , 858 , 455
-0.17809890291413813 , 859 , 455
0.3537058390619875 , 860 , 455
0.36172648653152595 , 861 , 455
0.18874610017420815 , 862 , 455
0.4687857730457494 , 863 , 455
0.27302467240913775 , 864 , 455
0.20719041012569708 , 865 , 455
-0.5773502691896258 , 866 , 455
0.2168253945903772 , 867 , 455
0.12617338302191944 , 868 , 455
0.4019711998662832 , 869 , 455
0.2909273119004775 , 870 , 455
0.20703821509308276 , 871 , 455
0.11099232424012975 , 872 , 455
0.3642156795423419 , 873 , 455
0.6398720383872057 , 874 , 455
0.27410591802333684 , 875 , 455
0.6659120918162913 , 876 , 455
0.08175191193132877 , 877 , 455
-0.02404988547547699 , 878 , 455
0.08489527199560139 , 879 , 455
0.19006577808748037 , 880 , 455
0.24756993288089274 , 881 , 455
0.2587426345466608 , 882 , 455
0.09998293806135086 , 883 , 455
0.048898469935929376 , 884 , 455
0.0530045469913297 , 885 , 455
0.3124727100191803 , 886 , 455
-0.4245284136704679 , 887 , 455
0.17149858514250593 , 888 , 455
0.12379173741375349 , 889 , 455
0.26444294267396995 , 890 , 455
0.31072706346325873 , 891 , 455
0.232870512656941 , 892 , 455
0.4432144664684222 , 893 , 455
0.20062932616657317 , 894 , 455
0.6125546622838768 , 895 , 455
0.3287466572974153 , 896 , 455
0.17003356299435923 , 897 , 455
-0.49660854465066007 , 898 , 455
0.22490483529616218 , 899 , 455
0.04675245822121844 , 900 , 455
0.22019584111442977 , 901 , 455
0.12167591854807906 , 902 , 455
0.17934034401725646 , 903 , 455
-0.324896828485359 , 904 , 455
0.10873205644391411 , 905 , 455
0.20214134370939335 , 906 , 455
-0.08828904774059956 , 907 , 455
-0.04155525790347267 , 908 , 455
0.07223151185146157 , 909 , 455
0.27642679958281413 , 910 , 455
-0.09387597965993313 , 911 , 455
-0.08995824336397941 , 912 , 455
0.27118947211536726 , 913 , 455
0.5629262517526439 , 914 , 455
0.4370415209168244 , 915 , 455
0.18187389462766215 , 916 , 455
-0.052889958403826584 , 917 , 455
-0.27937964283085287 , 918 , 455
0.23127978512333633 , 919 , 455
0.3288967572401359 , 920 , 455
0.00635363681686685 , 921 , 455
-0.0618394233179861 , 922 , 455
0.3005691084486503 , 923 , 455
0.0427490980035481 , 924 , 455
-0.625 , 925 , 455
0.5988689905117907 , 926 , 455
-0.2562147777686996 , 927 , 455
0.6681531047810609 , 928 , 455
0.09420403426841024 , 929 , 455
0.3375863090721381 , 930 , 455
0.25831363511814404 , 931 , 455
0.1627179740149932 , 932 , 455
0.36597397237392854 , 933 , 455
0.10905887493453295 , 934 , 455
-0.17150158586137673 , 935 , 455
0.1852931532356635 , 936 , 455
0.47532707568263477 , 937 , 455
0.4514603183730951 , 938 , 455
0.10892765661208276 , 939 , 455
0.16823341184707788 , 940 , 455
0.24532669073132948 , 941 , 455
0.08355555243673321 , 942 , 455
0.10884295494526121 , 943 , 455
0.0888651946624554 , 1 , 272
0.49999999999999933 , 2 , 272
0 , 3 , 272
-0.645497224367902 , 4 , 272
-0.043369087411965546 , 5 , 272
0.20729483337392562 , 6 , 272
0.10840795123563364 , 7 , 272
-0.14677381643702134 , 8 , 272
-0.5222329678670935 , 9 , 272
0.053499368225747246 , 10 , 272
-0.07308060405834531 , 11 , 272
-0.10000000000000084 , 12 , 272
0.32387513781564825 , 13 , 272
-0.185273422634635 , 14 , 272
-1.0 , 15 , 272
-0.042693543596701015 , 16 , 272
0 , 17 , 272
0.02804878690541311 , 18 , 272
0.1336306209562141 , 19 , 272
0.45675013919557 , 20 , 272
0.2182178902359924 , 21 , 272
0.00910408569242779 , 22 , 272
0.1828499597730128 , 23 , 272
0.12048289933537215 , 24 , 272
0.25489942479227484 , 25 , 272
1.0 , 26 , 272
0 , 27 , 272
0.23722785729558915 , 28 , 272
0.5000000000000027 , 29 , 272
0.5222329678670935 , 30 , 272
-0.21004201260419925 , 31 , 272
0 , 32 , 272
0 , 33 , 272
0 , 34 , 272
0 , 35 , 272
0 , 36 , 272
0.23904572186687614 , 37 , 272
0.1339632842067323 , 38 , 272
0 , 39 , 272
0 , 40 , 272
0.40089186286863576 , 41 , 272
0.012417490847486902 , 42 , 272
-0.07318282584331552 , 43 , 272
0.1988259229218918 , 44 , 272
0.49999999999999933 , 45 , 272
0.7559289460184573 , 46 , 272
0 , 47 , 272
0.10758287072798488 , 48 , 272
0.2852939361496153 , 49 , 272
0 , 50 , 272
-0.8164965809277261 , 51 , 272
0.5222329678670935 , 52 , 272
0.5000000000000027 , 53 , 272
-0.5000000000000053 , 54 , 272
0.40824829046386907 , 55 , 272
0.343348574821037 , 56 , 272
-0.10660035817780829 , 57 , 272
0.29536374926961223 , 58 , 272
0.24202453194226334 , 59 , 272
0.04091014748646131 , 60 , 272
0 , 61 , 272
0.16116459280507633 , 62 , 272
-0.5000000000000053 , 63 , 272
0.14648642072995077 , 64 , 272
-0.32530002431617955 , 65 , 272
-0.5000000000000053 , 66 , 272
0 , 67 , 272
0.0 , 68 , 272
-0.49705012174770924 , 69 , 272
0.14433756729740646 , 70 , 272
0.14907119849998599 , 71 , 272
0.3995622012857439 , 72 , 272
0.5145366803427137 , 73 , 272
0 , 74 , 272
0 , 75 , 272
0.45158895499077734 , 76 , 272
0.2741258024100729 , 77 , 272
0 , 78 , 272
0 , 79 , 272
0.2711630722733208 , 80 , 272
0.3273268353539852 , 81 , 272
-0.0792098458852861 , 82 , 272
-0.05609485807612056 , 83 , 272
0.7637626158259759 , 84 , 272
0.07633496654044955 , 85 , 272
0 , 86 , 272
0.25444155113257433 , 87 , 272
0 , 88 , 272
0 , 89 , 272
0.013488903197124534 , 90 , 272
-0.13639801012320052 , 91 , 272
0.19539608776706838 , 92 , 272
0 , 93 , 272
0.08984059118856148 , 94 , 272
0.05924528259704278 , 95 , 272
0.10944867280608044 , 96 , 272
0.484520503593148 , 97 , 272
0 , 98 , 272
0.44925567733258603 , 99 , 272
0 , 100 , 272
0 , 101 , 272
0.11261850127429514 , 102 , 272
0.3651483716701128 , 103 , 272
-0.18898223650461535 , 104 , 272
0 , 105 , 272
0.5163977794943222 , 106 , 272
0 , 107 , 272
0 , 108 , 272
-0.10335079604045473 , 109 , 272
-0.29002094671369927 , 110 , 272
0 , 111 , 272
0 , 112 , 272
0.0 , 113 , 272
-0.3118047822311613 , 114 , 272
0.168714235478887 , 115 , 272
0.731126155013931 , 116 , 272
0.27477403519260113 , 117 , 272
0 , 118 , 272
-0.08006407690253875 , 119 , 272
0 , 120 , 272
-0.021926450482676333 , 121 , 272
0.6149186938124397 , 122 , 272
0.6900655593423551 , 123 , 272
-0.35355339059327373 , 124 , 272
0.0 , 125 , 272
0 , 126 , 272
0 , 127 , 272
-0.3815090103559473 , 128 , 272
0 , 129 , 272
0.3380617018914069 , 130 , 272
0 , 131 , 272
0.5423261445466347 , 132 , 272
0 , 133 , 272
0 , 134 , 272
-0.20851441405707477 , 135 , 272
0.7071067811865475 , 136 , 272
0 , 137 , 272
0.47468503720231353 , 138 , 272
1.0 , 139 , 272
0 , 140 , 272
-0.8660254037844402 , 141 , 272
0.9045340337332909 , 142 , 272
0 , 143 , 272
0.23544080467400574 , 144 , 272
-0.478091443733757 , 145 , 272
0 , 146 , 272
0 , 147 , 272
-0.18324913891634048 , 148 , 272
0 , 149 , 272
0.5000000000000027 , 150 , 272
-0.11793305661029249 , 151 , 272
-0.05871392403762625 , 152 , 272
0.5639259014801956 , 153 , 272
0.5477225575051642 , 154 , 272
0 , 155 , 272
0.3033481982859079 , 156 , 272
1.0 , 157 , 272
0.29592534342851234 , 158 , 272
0.8660254037844355 , 159 , 272
-0.10380684981717235 , 160 , 272
0.08869685939836149 , 161 , 272
-0.05892556509887713 , 162 , 272
0.6666666666666627 , 163 , 272
0 , 164 , 272
0.17407765595569785 , 165 , 272
0 , 166 , 272
-0.07715167498104596 , 167 , 272
0 , 168 , 272
0.0857114870175458 , 169 , 272
0 , 170 , 272
0 , 171 , 272
0.5222329678670937 , 172 , 272
0 , 173 , 272
0.41833001326704033 , 174 , 272
-0.14874881865081563 , 175 , 272
0 , 176 , 272
0.15724272550828883 , 177 , 272
-0.0033029213220700368 , 178 , 272
0 , 179 , 272
0.2886751345948129 , 180 , 272
1.0 , 181 , 272
0.19999999999999743 , 182 , 272
0.6622661785325219 , 183 , 272
0.1708715315433525 , 184 , 272
-0.19364916731036652 , 185 , 272
0.0 , 186 , 272
-0.3535533905932713 , 187 , 272
-0.14159846508095772 , 188 , 272
-0.18810289544651262 , 189 , 272
0 , 190 , 272
0 , 191 , 272
0 , 192 , 272
0.1342312110428049 , 193 , 272
0.2682857997279832 , 194 , 272
-0.4082482904638609 , 195 , 272
-1.0 , 196 , 272
0.1723454968864283 , 197 , 272
0.3762998305872591 , 198 , 272
0 , 199 , 272
0.06579516949598058 , 200 , 272
-0.2859162610581242 , 201 , 272
0.2500000000000039 , 202 , 272
0 , 203 , 272
1.0 , 204 , 272
0 , 205 , 272
0 , 206 , 272
0.020720104810843264 , 207 , 272
0.22086305214969396 , 208 , 272
0 , 209 , 272
0.03464794643376979 , 210 , 272
-0.14002800840280283 , 211 , 272
-0.9449111825230686 , 212 , 272
0.36363636363636476 , 213 , 272
0.30340418544642317 , 214 , 272
-0.006715191366876847 , 215 , 272
0.36247141902225377 , 216 , 272
0.7128324356402505 , 217 , 272
0.07980868844676219 , 218 , 272
0 , 219 , 272
0 , 220 , 272
0.2049800154226948 , 221 , 272
0.5191062712931923 , 222 , 272
0.6000000000000018 , 223 , 272
-0.17503501050349937 , 224 , 272
0.3162277660168322 , 225 , 272
-0.4183300132670396 , 226 , 272
0.49999999999999933 , 227 , 272
-0.8017837257372769 , 228 , 272
0 , 229 , 272
-0.20672455764868086 , 230 , 272
-1.0 , 231 , 272
0.24019223070763082 , 232 , 272
-0.08285679348701804 , 233 , 272
0.12328396154890842 , 234 , 272
-0.19245008972987526 , 235 , 272
-0.27322128597539486 , 236 , 272
0.0 , 237 , 272
0 , 238 , 272
0.24473594642400956 , 239 , 272
0 , 240 , 272
0 , 241 , 272
0 , 242 , 272
-0.1685499656158065 , 243 , 272
0.2679265684134653 , 244 , 272
0.7205766921228921 , 245 , 272
-0.0017517567981484414 , 246 , 272
0 , 247 , 272
-0.37485725492591593 , 248 , 272
-0.14085476486042114 , 249 , 272
0.042562826537935264 , 250 , 272
-0.2581988897471611 , 251 , 272
0 , 252 , 272
0.19918863762856526 , 253 , 272
-0.4544712506276513 , 254 , 272
-0.4082482904638609 , 255 , 272
-0.17251638983558817 , 256 , 272
0 , 257 , 272
0 , 258 , 272
0.3001225239993888 , 259 , 272
0 , 260 , 272
0 , 261 , 272
0.24890955221078123 , 262 , 272
-0.24987096773334072 , 263 , 272
0.5249616656910188 , 264 , 272
0 , 265 , 272
0 , 266 , 272
0.31506301890630356 , 267 , 272
0.3674595734060597 , 268 , 272
0.20356250343411036 , 269 , 272
-0.4879500364742666 , 270 , 272
0.05925428761864137 , 271 , 272
1.0 , 272 , 272
0 , 273 , 272
-0.14907119849998599 , 274 , 272
-0.18843366572035503 , 275 , 272
0.35172622905632867 , 276 , 272
0 , 277 , 272
0.5000000000000027 , 278 , 272
-0.011048543456039173 , 279 , 272
0.09813347215777742 , 280 , 272
0 , 281 , 272
0 , 282 , 272
0.16947980485980893 , 283 , 272
0 , 284 , 272
-0.3429971702850192 , 285 , 272
0.09313666043477173 , 286 , 272
-0.2581988897471658 , 287 , 272
-0.14285714285714085 , 288 , 272
0 , 289 , 272
0.21060808867921746 , 290 , 272
0.11236664374387226 , 291 , 272
0.16499158227685892 , 292 , 272
0.21399745993348565 , 293 , 272
-0.6666666666666627 , 294 , 272
-0.04726391048016695 , 295 , 272
-0.22619047619047453 , 296 , 272
0.12147706909814593 , 297 , 272
0.3938555551254204 , 298 , 272
0.4427465324190824 , 299 , 272
0 , 300 , 272
0.19078640377940395 , 301 , 272
0 , 302 , 272
0.1485818903177349 , 303 , 272
0 , 304 , 272
0.0938836439313685 , 305 , 272
0 , 306 , 272
-0.16116459280507606 , 307 , 272
0.22662688259471925 , 308 , 272
0 , 309 , 272
0 , 310 , 272
0.14469070232458456 , 311 , 272
-0.17111115010456163 , 312 , 272
-0.03325087388601124 , 313 , 272
0.24568115803183427 , 314 , 272
0.6953957992426741 , 315 , 272
0.2216211035889681 , 316 , 272
0 , 317 , 272
-0.0274532833750584 , 318 , 272
0 , 319 , 272
0.4472135954999574 , 320 , 272
-0.3481553119113957 , 321 , 272
0.11952286093343234 , 322 , 272
0.4642857142857132 , 323 , 272
-0.9999999999999947 , 324 , 272
0.16652512382443227 , 325 , 272
-0.26076930221992445 , 326 , 272
-0.14735081786446208 , 327 , 272
-0.1466555613911828 , 328 , 272
0.3660490330955587 , 329 , 272
-0.2440476190476171 , 330 , 272
0.22663483432464573 , 331 , 272
0.15971082665870578 , 332 , 272
0.0 , 333 , 272
0.23709284626804017 , 334 , 272
0 , 335 , 272
0.24781017679048536 , 336 , 272
-1.0 , 337 , 272
0.14237369936287486 , 338 , 272
0.43994872904615256 , 339 , 272
-0.4714045207910278 , 340 , 272
0 , 341 , 272
0.277011108255098 , 342 , 272
0.23774937195913864 , 343 , 272
0.202653339642792 , 344 , 272
0.25102865297687676 , 345 , 272
0.1819374242872173 , 346 , 272
0.20961090407515923 , 347 , 272
0 , 348 , 272
0 , 349 , 272
-0.0874759042825183 , 350 , 272
0 , 351 , 272
-0.36272421078257305 , 352 , 272
0 , 353 , 272
0.07254762501100272 , 354 , 272
0 , 355 , 272
0 , 356 , 272
0 , 357 , 272
-0.29981267559834246 , 358 , 272
0 , 359 , 272
0.15772007446912806 , 360 , 272
0.0 , 361 , 272
0 , 362 , 272
0.04944681764341521 , 363 , 272
0 , 364 , 272
0 , 365 , 272
0.13819749820569488 , 366 , 272
-0.3611575592573076 , 367 , 272
-0.3563483225498984 , 368 , 272
0 , 369 , 272
-0.3653385036130472 , 370 , 272
-0.24514516892272803 , 371 , 272
0.4905524551257961 , 372 , 272
-0.18319450024117712 , 373 , 272
0.0 , 374 , 272
0 , 375 , 272
0.0 , 376 , 272
-0.44721359549995543 , 377 , 272
-0.2142551085990245 , 378 , 272
0.42317842173262016 , 379 , 272
0.2618924633082516 , 380 , 272
-0.2342606428329107 , 381 , 272
0.6342703292561569 , 382 , 272
0.388888888888885 , 383 , 272
0 , 384 , 272
0.3468136679540186 , 385 , 272
1.0 , 386 , 272
0.36426444790527784 , 387 , 272
-0.5773502691896258 , 388 , 272
-0.18780231506445222 , 389 , 272
0 , 390 , 272
0.4555726389913854 , 391 , 272
-0.03919309008347546 , 392 , 272
-0.08856148855401218 , 393 , 272
0.5301460393510031 , 394 , 272
0.29277002188455997 , 395 , 272
0 , 396 , 272
0.15115441092201817 , 397 , 272
0.1605924107786364 , 398 , 272
-0.46428571428571447 , 399 , 272
0 , 400 , 272
-0.050111340185734134 , 401 , 272
0.3356585566713119 , 402 , 272
-0.5000000000000053 , 403 , 272
1.0 , 404 , 272
0.20251910351545174 , 405 , 272
-0.1560469459830899 , 406 , 272
0.03762424759442323 , 407 , 272
0 , 408 , 272
0.30536878693004393 , 409 , 272
0 , 410 , 272
-0.04099600308453716 , 411 , 272
0.23904572186687614 , 412 , 272
0 , 413 , 272
0 , 414 , 272
1.0 , 415 , 272
0.5038575741802419 , 416 , 272
-0.06165743206445295 , 417 , 272
0 , 418 , 272
-0.16666666666666113 , 419 , 272
1.0 , 420 , 272
0.08647908694379493 , 421 , 272
0.300000000000001 , 422 , 272
0 , 423 , 272
0.6622661785325219 , 424 , 272
0.09987543314071719 , 425 , 272
-0.2929374625741878 , 426 , 272
0 , 427 , 272
0 , 428 , 272
0.4485782010910843 , 429 , 272
0.0 , 430 , 272
0 , 431 , 272
0 , 432 , 272
-0.31622776601683855 , 433 , 272
0 , 434 , 272
0.21483541169976275 , 435 , 272
0.031307378100828044 , 436 , 272
0.05195593926377263 , 437 , 272
0 , 438 , 272
0 , 439 , 272
0 , 440 , 272
0 , 441 , 272
-0.016968662364707825 , 442 , 272
0 , 443 , 272
0 , 444 , 272
0.5838060406398348 , 445 , 272
0 , 446 , 272
0.15643700006376762 , 447 , 272
0 , 448 , 272
1.0 , 449 , 272
-0.08077360637087487 , 450 , 272
1.0 , 451 , 272
-0.04175776304770407 , 452 , 272
0.09563650695950432 , 453 , 272
-0.01624623080399367 , 454 , 272
0.30391533692741857 , 455 , 272
0.15853754773050802 , 456 , 272
0.35727231145405075 , 457 , 272
0.41361958948764566 , 458 , 272
-0.41403933560541323 , 459 , 272
1.0 , 460 , 272
0 , 461 , 272
0 , 462 , 272
0.6933752452815368 , 463 , 272
1.0 , 464 , 272
0.357597687624925 , 465 , 272
0.26322992125835554 , 466 , 272
1.0 , 467 , 272
0.09929257812241947 , 468 , 272
0 , 469 , 272
0 , 470 , 272
0 , 471 , 272
0.02120949209918648 , 472 , 272
0 , 473 , 272
0.11072516389468426 , 474 , 272
-1.0 , 475 , 272
0.29111125486978984 , 476 , 272
0 , 477 , 272
-0.24663181183349497 , 478 , 272
0.4190506066068015 , 479 , 272
0.10724181977192263 , 480 , 272
0.322748612183951 , 481 , 272
0.5000000000000053 , 482 , 272
-1.0 , 483 , 272
0.3872983346207404 , 484 , 272
0 , 485 , 272
0.5000000000000027 , 486 , 272
0.42040307128893434 , 487 , 272
-0.18293750987629315 , 488 , 272
0 , 489 , 272
0 , 490 , 272
0 , 491 , 272
0.6708363467415784 , 492 , 272
-0.13999334097499608 , 493 , 272
-0.14907119849998465 , 494 , 272
0.5623477825438744 , 495 , 272
-0.08823348759066336 , 496 , 272
0.1400280084028 , 497 , 272
0.4909731295457712 , 498 , 272
0.08404977220208038 , 499 , 272
0.27366810672704384 , 500 , 272
1.0 , 501 , 272
0 , 502 , 272
-0.1749684988123908 , 503 , 272
-0.33668143878274 , 504 , 272
-0.40254634373049347 , 505 , 272
0.48049993197420626 , 506 , 272
0 , 507 , 272
-0.1914854215512679 , 508 , 272
0 , 509 , 272
0 , 510 , 272
0 , 511 , 272
-0.6123724356957891 , 512 , 272
-0.49999999999998934 , 513 , 272
-0.19030078608342418 , 514 , 272
0 , 515 , 272
-0.3273268353539852 , 516 , 272
-1.0 , 517 , 272
0 , 518 , 272
0 , 519 , 272
0 , 520 , 272
0.1329300307533686 , 521 , 272
0.21997067253202995 , 522 , 272
-0.2499999999999999 , 523 , 272
-0.051836210910623085 , 524 , 272
-1.0 , 525 , 272
-0.5000000000000053 , 526 , 272
0.17287078919239598 , 527 , 272
0.27602622373694213 , 528 , 272
0 , 529 , 272
0.0 , 530 , 272
0 , 531 , 272
0.017733172553298773 , 532 , 272
-0.20171756999499219 , 533 , 272
0 , 534 , 272
-0.14120539069073132 , 535 , 272
0.0671716613279829 , 536 , 272
0.2033475331287901 , 537 , 272
0.312114573447397 , 538 , 272
-0.25728166166265426 , 539 , 272
0 , 540 , 272
-0.1106566670344978 , 541 , 272
0.17233216725286693 , 542 , 272
0.2051956704170311 , 543 , 272
0 , 544 , 272
-0.12443420336765354 , 545 , 272
0.5000000000000027 , 546 , 272
0 , 547 , 272
0.4845437118523463 , 548 , 272
0.5000000000000027 , 549 , 272
0 , 550 , 272
0.29831124229715617 , 551 , 272
0.49999999999999933 , 552 , 272
0.31622776601683794 , 553 , 272
0.047824205095114466 , 554 , 272
0.0 , 555 , 272
0.05716619504749953 , 556 , 272
0.47140452079103173 , 557 , 272
0 , 558 , 272
-0.2434844232804337 , 559 , 272
0.29772917102591356 , 560 , 272
0.2234749152272999 , 561 , 272
0.14317566531022702 , 562 , 272
-0.9999999999999947 , 563 , 272
0 , 564 , 272
0 , 565 , 272
0.11384563888479704 , 566 , 272
0.08105852801751591 , 567 , 272
0.7496713736423318 , 568 , 272
0 , 569 , 272
0 , 570 , 272
0.8164965809277261 , 571 , 272
0 , 572 , 272
0.4330127018922204 , 573 , 272
0 , 574 , 272
0.3611575592573076 , 575 , 272
0.2425356250363332 , 576 , 272
-0.0657951694959769 , 577 , 272
0 , 578 , 272
-0.14085904245475367 , 579 , 272
0 , 580 , 272
1.0 , 581 , 272
0 , 582 , 272
0 , 583 , 272
0 , 584 , 272
0 , 585 , 272
0.1486807035306013 , 586 , 272
0 , 587 , 272
-0.07441168295606794 , 588 , 272
0 , 589 , 272
0 , 590 , 272
0.45833333333332893 , 591 , 272
-0.3149228315669518 , 592 , 272
0.06721660724223315 , 593 , 272
0.5773502691896258 , 594 , 272
0.49999999999999933 , 595 , 272
0 , 596 , 272
-1.0 , 597 , 272
0 , 598 , 272
0 , 599 , 272
0.21957751641341533 , 600 , 272
-0.10743752513757988 , 601 , 272
0 , 602 , 272
-0.27824333745610225 , 603 , 272
-0.30542361089076453 , 604 , 272
-0.26757346309588964 , 605 , 272
0.0066527842239493306 , 606 , 272
0.0912870929175248 , 607 , 272
0.12087562491973604 , 608 , 272
0 , 609 , 272
0.05527899928227987 , 610 , 272
0 , 611 , 272
-1.0 , 612 , 272
-0.40824829046386907 , 613 , 272
0 , 614 , 272
0.1203858530857692 , 615 , 272
0 , 616 , 272
0.3998519341056064 , 617 , 272
0.07566001206699018 , 618 , 272
0.31428571428571656 , 619 , 272
0.5345224838248488 , 620 , 272
-0.020851441405708087 , 621 , 272
0.13161780733740094 , 622 , 272
0.36144869800612694 , 623 , 272
-0.5000000000000053 , 624 , 272
-0.03149703941743645 , 625 , 272
0 , 626 , 272
-0.2418254167033345 , 627 , 272
0 , 628 , 272
0.3081226517279262 , 629 , 272
-0.32397579764593243 , 630 , 272
0 , 631 , 272
0.34599387978932405 , 632 , 272
0.10095089302501631 , 633 , 272
0.8660254037844402 , 634 , 272
0 , 635 , 272
0 , 636 , 272
-1.0 , 637 , 272
-0.22727272727272574 , 638 , 272
0.2219167619785609 , 639 , 272
0.4213749140395316 , 640 , 272
0.8750000000000048 , 641 , 272
-0.03898822520186957 , 642 , 272
0.1341382853057848 , 643 , 272
0 , 644 , 272
0.42332982979750183 , 645 , 272
0 , 646 , 272
0.3162277660168322 , 647 , 272
-0.19369399310801813 , 648 , 272
1.0 , 649 , 272
-0.12005392496439708 , 650 , 272
0 , 651 , 272
1.0 , 652 , 272
-0.027884268380254183 , 653 , 272
0.5773502691896258 , 654 , 272
0.016919299386969414 , 655 , 272
0 , 656 , 272
0 , 657 , 272
0.6585061837190669 , 658 , 272
0.4242607022448071 , 659 , 272
-0.1395202295937565 , 660 , 272
-0.3333333333333337 , 661 , 272
0 , 662 , 272
-0.018486846666159188 , 663 , 272
0.20083857810137276 , 664 , 272
0.2230295258033822 , 665 , 272
0.2539846450967881 , 666 , 272
-0.08908708063747593 , 667 , 272
0.4402254531628119 , 668 , 272
-0.023699852458103698 , 669 , 272
0.22360679774997896 , 670 , 272
-0.12295742868762825 , 671 , 272
1.0 , 672 , 272
0.5000000000000027 , 673 , 272
0.8660254037844402 , 674 , 272
0 , 675 , 272
0.23819653367016416 , 676 , 272
0 , 677 , 272
1.0 , 678 , 272
0.24712082528608847 , 679 , 272
0 , 680 , 272
0 , 681 , 272
0.07792045068399986 , 682 , 272
-0.19364916731037207 , 683 , 272
-0.25588315785958016 , 684 , 272
0 , 685 , 272
0.4213324203089023 , 686 , 272
0 , 687 , 272
0 , 688 , 272
0 , 689 , 272
0.058001479056575746 , 690 , 272
0.04287464628562846 , 691 , 272
-0.6363961030678981 , 692 , 272
0.37521418537061224 , 693 , 272
-0.2685795267463923 , 694 , 272
0 , 695 , 272
0 , 696 , 272
0.5000000000000009 , 697 , 272
0.10579091582269615 , 698 , 272
-0.31180478223116104 , 699 , 272
-0.39528470752104866 , 700 , 272
-1.0 , 701 , 272
0 , 702 , 272
0.5000000000000027 , 703 , 272
0.09128709291752654 , 704 , 272
0.9078412990032051 , 705 , 272
0 , 706 , 272
0.29202232388008625 , 707 , 272
-1.0 , 708 , 272
-0.03292431988832048 , 709 , 272
0.24845199749997143 , 710 , 272
-0.051189727999684964 , 711 , 272
0.21672761452040692 , 712 , 272
0 , 713 , 272
0 , 714 , 272
-0.08243856200137618 , 715 , 272
-0.10057088950980798 , 716 , 272
0.5000000000000009 , 717 , 272
0 , 718 , 272
-0.1259881576697424 , 719 , 272
0 , 720 , 272
0.49693969530404625 , 721 , 272
0 , 722 , 272
-0.5773502691896258 , 723 , 272
0 , 724 , 272
0 , 725 , 272
0 , 726 , 272
0.07747247335011212 , 727 , 272
0 , 728 , 272
0 , 729 , 272
0 , 730 , 272
0.2623821594764418 , 731 , 272
0 , 732 , 272
1.0 , 733 , 272
-0.5906244232186187 , 734 , 272
-0.5000000000000053 , 735 , 272
1.0 , 736 , 272
0.2089277235093369 , 737 , 272
-0.10808442529177709 , 738 , 272
0.4136747037992323 , 739 , 272
0 , 740 , 272
0.18687063686045838 , 741 , 272
1.0 , 742 , 272
0 , 743 , 272
0.774596669241479 , 744 , 272
-0.1668115312456588 , 745 , 272
-0.15617376188860602 , 746 , 272
-0.2866763152149805 , 747 , 272
0.2867696673382044 , 748 , 272
-0.22236025936793222 , 749 , 272
0 , 750 , 272
-0.07442084075352508 , 751 , 272
0 , 752 , 272
0.018993429409940747 , 753 , 272
0 , 754 , 272
0 , 755 , 272
0.3333333333333336 , 756 , 272
0.252509201094947 , 757 , 272
0.35580773898487644 , 758 , 272
-1.0 , 759 , 272
0 , 760 , 272
0.366899692852673 , 761 , 272
0 , 762 , 272
0.30525319520782246 , 763 , 272
0.0 , 764 , 272
0.5000000000000009 , 765 , 272
0.22509378340810424 , 766 , 272
-0.4166666666666694 , 767 , 272
1.0 , 768 , 272
0 , 769 , 272
0 , 770 , 272
-0.3691751922605946 , 771 , 272
0 , 772 , 272
0.08164965809277272 , 773 , 272
-0.03935236940099095 , 774 , 272
0 , 775 , 272
0.1777046633277277 , 776 , 272
-0.2560737598657939 , 777 , 272
0.14057269920110366 , 778 , 272
0 , 779 , 272
-0.02389092412837619 , 780 , 272
0.42743736699392704 , 781 , 272
0.899228803025897 , 782 , 272
0 , 783 , 272
0 , 784 , 272
0.22360679774997896 , 785 , 272
-0.27553463612731843 , 786 , 272
0 , 787 , 272
-0.24017509309348786 , 788 , 272
0.49999999999999933 , 789 , 272
0.11891767800211263 , 790 , 272
0 , 791 , 272
0 , 792 , 272
0.5000000000000027 , 793 , 272
0 , 794 , 272
0.03487370254530581 , 795 , 272
0.0 , 796 , 272
-1.0 , 797 , 272
0.23925029676257145 , 798 , 272
0.5773502691896258 , 799 , 272
0 , 800 , 272
0 , 801 , 272
-0.3768891807222025 , 802 , 272
0 , 803 , 272
0.19874881877998452 , 804 , 272
0.2683852666242991 , 805 , 272
-0.05095246653650655 , 806 , 272
-0.26135502982132164 , 807 , 272
0 , 808 , 272
0 , 809 , 272
0 , 810 , 272
0 , 811 , 272
1.0 , 812 , 272
0 , 813 , 272
0.5423261445466429 , 814 , 272
-0.33941125496954144 , 815 , 272
0 , 816 , 272
0 , 817 , 272
0 , 818 , 272
0 , 819 , 272
0 , 820 , 272
0 , 821 , 272
0 , 822 , 272
0.014678923792505946 , 823 , 272
0 , 824 , 272
-0.03464794643376185 , 825 , 272
0.3311330892662634 , 826 , 272
0 , 827 , 272
0 , 828 , 272
0 , 829 , 272
-0.1183289001405429 , 830 , 272
0.5881716976750483 , 831 , 272
0 , 832 , 272
0.3082998873346279 , 833 , 272
0 , 834 , 272
-0.17027056600295443 , 835 , 272
0.781735959970574 , 836 , 272
0 , 837 , 272
-0.3455579827037995 , 838 , 272
0 , 839 , 272
-0.09800745695020109 , 840 , 272
0 , 841 , 272
0 , 842 , 272
-0.1630991913422022 , 843 , 272
-0.17496355305593933 , 844 , 272
0 , 845 , 272
0.051819732150714 , 846 , 272
-0.02583280860973615 , 847 , 272
0.0987091068287444 , 848 , 272
0 , 849 , 272
-0.0909868056140013 , 850 , 272
0.5325564380631916 , 851 , 272
-1.0 , 852 , 272
0 , 853 , 272
0.13932312570655817 , 854 , 272
0 , 855 , 272
0 , 856 , 272
0 , 857 , 272
0 , 858 , 272
0 , 859 , 272
0.0 , 860 , 272
0 , 861 , 272
0.2087339382699876 , 862 , 272
0 , 863 , 272
-0.21823401153404812 , 864 , 272
0 , 865 , 272
0 , 866 , 272
0.46823919054308083 , 867 , 272
0.42665070026078944 , 868 , 272
0.8660254037844402 , 869 , 272
0.26492241071827055 , 870 , 272
0.6751399510385773 , 871 , 272
0 , 872 , 272
0 , 873 , 272
0 , 874 , 272
0.09849584951736708 , 875 , 272
-0.26919095102908275 , 876 , 272
0.30151134457776363 , 877 , 272
0.08287419301647311 , 878 , 272
1.0 , 879 , 272
0.042636940015037185 , 880 , 272
-0.1600606105546688 , 881 , 272
-0.2567568184104882 , 882 , 272
0.3482945813717031 , 883 , 272
0 , 884 , 272
0.4909902530309856 , 885 , 272
0.4109569692098458 , 886 , 272
0.07018624063435965 , 887 , 272
1.0 , 888 , 272
-0.030513909884867668 , 889 , 272
0.006421745399167989 , 890 , 272
0 , 891 , 272
0.40783808127036064 , 892 , 272
0.06201736729460266 , 893 , 272
0.645497224367902 , 894 , 272
0 , 895 , 272
0.2103060900608183 , 896 , 272
0.03840648523816937 , 897 , 272
0 , 898 , 272
0.28129578754609114 , 899 , 272
0.34156502553198803 , 900 , 272
-0.11028219331407137 , 901 , 272
-0.36115755925730747 , 902 , 272
0.45510409919085754 , 903 , 272
0 , 904 , 272
0 , 905 , 272
0 , 906 , 272
0.2631806779839115 , 907 , 272
-0.5525631972512463 , 908 , 272
0 , 909 , 272
0.08333333333333673 , 910 , 272
-0.16622858516379876 , 911 , 272
-0.05330017908890395 , 912 , 272
0.41089070180665904 , 913 , 272
0 , 914 , 272
0 , 915 , 272
0.12934669745381527 , 916 , 272
0 , 917 , 272
0.47760176745470984 , 918 , 272
0.04698092386498439 , 919 , 272
0 , 920 , 272
-0.3030216076314274 , 921 , 272
-0.23532440241230698 , 922 , 272
0 , 923 , 272
-0.05773502691896127 , 924 , 272
-0.8944271909999159 , 925 , 272
0 , 926 , 272
-0.2672612419124245 , 927 , 272
0.29277002188455997 , 928 , 272
0.05210501057189199 , 929 , 272
0.2886751345948129 , 930 , 272
1.0 , 931 , 272
0.20380594683858202 , 932 , 272
0.1771085097967436 , 933 , 272
0.21081851067789195 , 934 , 272
0 , 935 , 272
1.0 , 936 , 272
0 , 937 , 272
0 , 938 , 272
0 , 939 , 272
0.2833207219273557 , 940 , 272
0 , 941 , 272
-0.13245323570650008 , 942 , 272
0.21004201260420163 , 943 , 272
0.0888651946624554 , 1 , 272
0.49999999999999933 , 2 , 272
0 , 3 , 272
-0.645497224367902 , 4 , 272
-0.043369087411965546 , 5 , 272
0.20729483337392562 , 6 , 272
0.10840795123563364 , 7 , 272
-0.14677381643702134 , 8 , 272
-0.5222329678670935 , 9 , 272
0.053499368225747246 , 10 , 272
-0.07308060405834531 , 11 , 272
-0.10000000000000084 , 12 , 272
0.32387513781564825 , 13 , 272
-0.185273422634635 , 14 , 272
-1.0 , 15 , 272
-0.042693543596701015 , 16 , 272
0 , 17 , 272
0.02804878690541311 , 18 , 272
0.1336306209562141 , 19 , 272
0.45675013919557 , 20 , 272
0.2182178902359924 , 21 , 272
0.00910408569242779 , 22 , 272
0.1828499597730128 , 23 , 272
0.12048289933537215 , 24 , 272
0.25489942479227484 , 25 , 272
1.0 , 26 , 272
0 , 27 , 272
0.23722785729558915 , 28 , 272
0.5000000000000027 , 29 , 272
0.5222329678670935 , 30 , 272
-0.21004201260419925 , 31 , 272
0 , 32 , 272
0 , 33 , 272
0 , 34 , 272
0 , 35 , 272
0 , 36 , 272
0.23904572186687614 , 37 , 272
0.1339632842067323 , 38 , 272
0 , 39 , 272
0 , 40 , 272
0.40089186286863576 , 41 , 272
0.012417490847486902 , 42 , 272
-0.07318282584331552 , 43 , 272
0.1988259229218918 , 44 , 272
0.49999999999999933 , 45 , 272
0.7559289460184573 , 46 , 272
0 , 47 , 272
0.10758287072798488 , 48 , 272
0.2852939361496153 , 49 , 272
0 , 50 , 272
-0.8164965809277261 , 51 , 272
0.5222329678670935 , 52 , 272
0.5000000000000027 , 53 , 272
-0.5000000000000053 , 54 , 272
0.40824829046386907 , 55 , 272
0.343348574821037 , 56 , 272
-0.10660035817780829 , 57 , 272
0.29536374926961223 , 58 , 272
0.24202453194226334 , 59 , 272
0.04091014748646131 , 60 , 272
0 , 61 , 272
0.16116459280507633 , 62 , 272
-0.5000000000000053 , 63 , 272
0.14648642072995077 , 64 , 272
-0.32530002431617955 , 65 , 272
-0.5000000000000053 , 66 , 272
0 , 67 , 272
0.0 , 68 , 272
-0.49705012174770924 , 69 , 272
0.14433756729740646 , 70 , 272
0.14907119849998599 , 71 , 272
0.3995622012857439 , 72 , 272
0.5145366803427137 , 73 , 272
0 , 74 , 272
0 , 75 , 272
0.45158895499077734 , 76 , 272
0.2741258024100729 , 77 , 272
0 , 78 , 272
0 , 79 , 272
0.2711630722733208 , 80 , 272
0.3273268353539852 , 81 , 272
-0.0792098458852861 , 82 , 272
-0.05609485807612056 , 83 , 272
0.7637626158259759 , 84 , 272
0.07633496654044955 , 85 , 272
0 , 86 , 272
0.25444155113257433 , 87 , 272
0 , 88 , 272
0 , 89 , 272
0.013488903197124534 , 90 , 272
-0.13639801012320052 , 91 , 272
0.19539608776706838 , 92 , 272
0 , 93 , 272
0.08984059118856148 , 94 , 272
0.05924528259704278 , 95 , 272
0.10944867280608044 , 96 , 272
0.484520503593148 , 97 , 272
0 , 98 , 272
0.44925567733258603 , 99 , 272
0 , 100 , 272
0 , 101 , 272
0.11261850127429514 , 102 , 272
0.3651483716701128 , 103 , 272
-0.18898223650461535 , 104 , 272
0 , 105 , 272
0.5163977794943222 , 106 , 272
0 , 107 , 272
0 , 108 , 272
-0.10335079604045473 , 109 , 272
-0.29002094671369927 , 110 , 272
0 , 111 , 272
0 , 112 , 272
0.0 , 113 , 272
-0.3118047822311613 , 114 , 272
0.168714235478887 , 115 , 272
0.731126155013931 , 116 , 272
0.27477403519260113 , 117 , 272
0 , 118 , 272
-0.08006407690253875 , 119 , 272
0 , 120 , 272
-0.021926450482676333 , 121 , 272
0.6149186938124397 , 122 , 272
0.6900655593423551 , 123 , 272
-0.35355339059327373 , 124 , 272
0.0 , 125 , 272
0 , 126 , 272
0 , 127 , 272
-0.3815090103559473 , 128 , 272
0 , 129 , 272
0.3380617018914069 , 130 , 272
0 , 131 , 272
0.5423261445466347 , 132 , 272
0 , 133 , 272
0 , 134 , 272
-0.20851441405707477 , 135 , 272
0.7071067811865475 , 136 , 272
0 , 137 , 272
0.47468503720231353 , 138 , 272
1.0 , 139 , 272
0 , 140 , 272
-0.8660254037844402 , 141 , 272
0.9045340337332909 , 142 , 272
0 , 143 , 272
0.23544080467400574 , 144 , 272
-0.478091443733757 , 145 , 272
0 , 146 , 272
0 , 147 , 272
-0.18324913891634048 , 148 , 272
0 , 149 , 272
0.5000000000000027 , 150 , 272
-0.11793305661029249 , 151 , 272
-0.05871392403762625 , 152 , 272
0.5639259014801956 , 153 , 272
0.5477225575051642 , 154 , 272
0 , 155 , 272
0.3033481982859079 , 156 , 272
1.0 , 157 , 272
0.29592534342851234 , 158 , 272
0.8660254037844355 , 159 , 272
-0.10380684981717235 , 160 , 272
0.08869685939836149 , 161 , 272
-0.05892556509887713 , 162 , 272
0.6666666666666627 , 163 , 272
0 , 164 , 272
0.17407765595569785 , 165 , 272
0 , 166 , 272
-0.07715167498104596 , 167 , 272
0 , 168 , 272
0.0857114870175458 , 169 , 272
0 , 170 , 272
0 , 171 , 272
0.5222329678670937 , 172 , 272
0 , 173 , 272
0.41833001326704033 , 174 , 272
-0.14874881865081563 , 175 , 272
0 , 176 , 272
0.15724272550828883 , 177 , 272
-0.0033029213220700368 , 178 , 272
0 , 179 , 272
0.2886751345948129 , 180 , 272
1.0 , 181 , 272
0.19999999999999743 , 182 , 272
0.6622661785325219 , 183 , 272
0.1708715315433525 , 184 , 272
-0.19364916731036652 , 185 , 272
0.0 , 186 , 272
-0.3535533905932713 , 187 , 272
-0.14159846508095772 , 188 , 272
-0.18810289544651262 , 189 , 272
0 , 190 , 272
0 , 191 , 272
0 , 192 , 272
0.1342312110428049 , 193 , 272
0.2682857997279832 , 194 , 272
-0.4082482904638609 , 195 , 272
-1.0 , 196 , 272
0.1723454968864283 , 197 , 272
0.3762998305872591 , 198 , 272
0 , 199 , 272
0.06579516949598058 , 200 , 272
-0.2859162610581242 , 201 , 272
0.2500000000000039 , 202 , 272
0 , 203 , 272
1.0 , 204 , 272
0 , 205 , 272
0 , 206 , 272
0.020720104810843264 , 207 , 272
0.22086305214969396 , 208 , 272
0 , 209 , 272
0.03464794643376979 , 210 , 272
-0.14002800840280283 , 211 , 272
-0.9449111825230686 , 212 , 272
0.36363636363636476 , 213 , 272
0.30340418544642317 , 214 , 272
-0.006715191366876847 , 215 , 272
0.36247141902225377 , 216 , 272
0.7128324356402505 , 217 , 272
0.07980868844676219 , 218 , 272
0 , 219 , 272
0 , 220 , 272
0.2049800154226948 , 221 , 272
0.5191062712931923 , 222 , 272
0.6000000000000018 , 223 , 272
-0.17503501050349937 , 224 , 272
0.3162277660168322 , 225 , 272
-0.4183300132670396 , 226 , 272
0.49999999999999933 , 227 , 272
-0.8017837257372769 , 228 , 272
0 , 229 , 272
-0.20672455764868086 , 230 , 272
-1.0 , 231 , 272
0.24019223070763082 , 232 , 272
-0.08285679348701804 , 233 , 272
0.12328396154890842 , 234 , 272
-0.19245008972987526 , 235 , 272
-0.27322128597539486 , 236 , 272
0.0 , 237 , 272
0 , 238 , 272
0.24473594642400956 , 239 , 272
0 , 240 , 272
0 , 241 , 272
0 , 242 , 272
-0.1685499656158065 , 243 , 272
0.2679265684134653 , 244 , 272
0.7205766921228921 , 245 , 272
-0.0017517567981484414 , 246 , 272
0 , 247 , 272
-0.37485725492591593 , 248 , 272
-0.14085476486042114 , 249 , 272
0.042562826537935264 , 250 , 272
-0.2581988897471611 , 251 , 272
0 , 252 , 272
0.19918863762856526 , 253 , 272
-0.4544712506276513 , 254 , 272
-0.4082482904638609 , 255 , 272
-0.17251638983558817 , 256 , 272
0 , 257 , 272
0 , 258 , 272
0.3001225239993888 , 259 , 272
0 , 260 , 272
0 , 261 , 272
0.24890955221078123 , 262 , 272
-0.24987096773334072 , 263 , 272
0.5249616656910188 , 264 , 272
0 , 265 , 272
0 , 266 , 272
0.31506301890630356 , 267 , 272
0.3674595734060597 , 268 , 272
0.20356250343411036 , 269 , 272
-0.4879500364742666 , 270 , 272
0.05925428761864137 , 271 , 272
1.0 , 272 , 272
0 , 273 , 272
-0.14907119849998599 , 274 , 272
-0.18843366572035503 , 275 , 272
0.35172622905632867 , 276 , 272
0 , 277 , 272
0.5000000000000027 , 278 , 272
-0.011048543456039173 , 279 , 272
0.09813347215777742 , 280 , 272
0 , 281 , 272
0 , 282 , 272
0.16947980485980893 , 283 , 272
0 , 284 , 272
-0.3429971702850192 , 285 , 272
0.09313666043477173 , 286 , 272
-0.2581988897471658 , 287 , 272
-0.14285714285714085 , 288 , 272
0 , 289 , 272
0.21060808867921746 , 290 , 272
0.11236664374387226 , 291 , 272
0.16499158227685892 , 292 , 272
0.21399745993348565 , 293 , 272
-0.6666666666666627 , 294 , 272
-0.04726391048016695 , 295 , 272
-0.22619047619047453 , 296 , 272
0.12147706909814593 , 297 , 272
0.3938555551254204 , 298 , 272
0.4427465324190824 , 299 , 272
0 , 300 , 272
0.19078640377940395 , 301 , 272
0 , 302 , 272
0.1485818903177349 , 303 , 272
0 , 304 , 272
0.0938836439313685 , 305 , 272
0 , 306 , 272
-0.16116459280507606 , 307 , 272
0.22662688259471925 , 308 , 272
0 , 309 , 272
0 , 310 , 272
0.14469070232458456 , 311 , 272
-0.17111115010456163 , 312 , 272
-0.03325087388601124 , 313 , 272
0.24568115803183427 , 314 , 272
0.6953957992426741 , 315 , 272
0.2216211035889681 , 316 , 272
0 , 317 , 272
-0.0274532833750584 , 318 , 272
0 , 319 , 272
0.4472135954999574 , 320 , 272
-0.3481553119113957 , 321 , 272
0.11952286093343234 , 322 , 272
0.4642857142857132 , 323 , 272
-0.9999999999999947 , 324 , 272
0.16652512382443227 , 325 , 272
-0.26076930221992445 , 326 , 272
-0.14735081786446208 , 327 , 272
-0.1466555613911828 , 328 , 272
0.3660490330955587 , 329 , 272
-0.2440476190476171 , 330 , 272
0.22663483432464573 , 331 , 272
0.15971082665870578 , 332 , 272
0.0 , 333 , 272
0.23709284626804017 , 334 , 272
0 , 335 , 272
0.24781017679048536 , 336 , 272
-1.0 , 337 , 272
0.14237369936287486 , 338 , 272
0.43994872904615256 , 339 , 272
-0.4714045207910278 , 340 , 272
0 , 341 , 272
0.277011108255098 , 342 , 272
0.23774937195913864 , 343 , 272
0.202653339642792 , 344 , 272
0.25102865297687676 , 345 , 272
0.1819374242872173 , 346 , 272
0.20961090407515923 , 347 , 272
0 , 348 , 272
0 , 349 , 272
-0.0874759042825183 , 350 , 272
0 , 351 , 272
-0.36272421078257305 , 352 , 272
0 , 353 , 272
0.07254762501100272 , 354 , 272
0 , 355 , 272
0 , 356 , 272
0 , 357 , 272
-0.29981267559834246 , 358 , 272
0 , 359 , 272
0.15772007446912806 , 360 , 272
0.0 , 361 , 272
0 , 362 , 272
0.04944681764341521 , 363 , 272
0 , 364 , 272
0 , 365 , 272
0.13819749820569488 , 366 , 272
-0.3611575592573076 , 367 , 272
-0.3563483225498984 , 368 , 272
0 , 369 , 272
-0.3653385036130472 , 370 , 272
-0.24514516892272803 , 371 , 272
0.4905524551257961 , 372 , 272
-0.18319450024117712 , 373 , 272
0.0 , 374 , 272
0 , 375 , 272
0.0 , 376 , 272
-0.44721359549995543 , 377 , 272
-0.2142551085990245 , 378 , 272
0.42317842173262016 , 379 , 272
0.2618924633082516 , 380 , 272
-0.2342606428329107 , 381 , 272
0.6342703292561569 , 382 , 272
0.388888888888885 , 383 , 272
0 , 384 , 272
0.3468136679540186 , 385 , 272
1.0 , 386 , 272
0.36426444790527784 , 387 , 272
-0.5773502691896258 , 388 , 272
-0.18780231506445222 , 389 , 272
0 , 390 , 272
0.4555726389913854 , 391 , 272
-0.03919309008347546 , 392 , 272
-0.08856148855401218 , 393 , 272
0.5301460393510031 , 394 , 272
0.29277002188455997 , 395 , 272
0 , 396 , 272
0.15115441092201817 , 397 , 272
0.1605924107786364 , 398 , 272
-0.46428571428571447 , 399 , 272
0 , 400 , 272
-0.050111340185734134 , 401 , 272
0.3356585566713119 , 402 , 272
-0.5000000000000053 , 403 , 272
1.0 , 404 , 272
0.20251910351545174 , 405 , 272
-0.1560469459830899 , 406 , 272
0.03762424759442323 , 407 , 272
0 , 408 , 272
0.30536878693004393 , 409 , 272
0 , 410 , 272
-0.04099600308453716 , 411 , 272
0.23904572186687614 , 412 , 272
0 , 413 , 272
0 , 414 , 272
1.0 , 415 , 272
0.5038575741802419 , 416 , 272
-0.06165743206445295 , 417 , 272
0 , 418 , 272
-0.16666666666666113 , 419 , 272
1.0 , 420 , 272
0.08647908694379493 , 421 , 272
0.300000000000001 , 422 , 272
0 , 423 , 272
0.6622661785325219 , 424 , 272
0.09987543314071719 , 425 , 272
-0.2929374625741878 , 426 , 272
0 , 427 , 272
0 , 428 , 272
0.4485782010910843 , 429 , 272
0.0 , 430 , 272
0 , 431 , 272
0 , 432 , 272
-0.31622776601683855 , 433 , 272
0 , 434 , 272
0.21483541169976275 , 435 , 272
0.031307378100828044 , 436 , 272
0.05195593926377263 , 437 , 272
0 , 438 , 272
0 , 439 , 272
0 , 440 , 272
0 , 441 , 272
-0.016968662364707825 , 442 , 272
0 , 443 , 272
0 , 444 , 272
0.5838060406398348 , 445 , 272
0 , 446 , 272
0.15643700006376762 , 447 , 272
0 , 448 , 272
1.0 , 449 , 272
-0.08077360637087487 , 450 , 272
1.0 , 451 , 272
-0.04175776304770407 , 452 , 272
0.09563650695950432 , 453 , 272
-0.01624623080399367 , 454 , 272
0.30391533692741857 , 455 , 272
0.15853754773050802 , 456 , 272
0.35727231145405075 , 457 , 272
0.41361958948764566 , 458 , 272
-0.41403933560541323 , 459 , 272
1.0 , 460 , 272
0 , 461 , 272
0 , 462 , 272
0.6933752452815368 , 463 , 272
1.0 , 464 , 272
0.357597687624925 , 465 , 272
0.26322992125835554 , 466 , 272
1.0 , 467 , 272
0.09929257812241947 , 468 , 272
0 , 469 , 272
0 , 470 , 272
0 , 471 , 272
0.02120949209918648 , 472 , 272
0 , 473 , 272
0.11072516389468426 , 474 , 272
-1.0 , 475 , 272
0.29111125486978984 , 476 , 272
0 , 477 , 272
-0.24663181183349497 , 478 , 272
0.4190506066068015 , 479 , 272
0.10724181977192263 , 480 , 272
0.322748612183951 , 481 , 272
0.5000000000000053 , 482 , 272
-1.0 , 483 , 272
0.3872983346207404 , 484 , 272
0 , 485 , 272
0.5000000000000027 , 486 , 272
0.42040307128893434 , 487 , 272
-0.18293750987629315 , 488 , 272
0 , 489 , 272
0 , 490 , 272
0 , 491 , 272
0.6708363467415784 , 492 , 272
-0.13999334097499608 , 493 , 272
-0.14907119849998465 , 494 , 272
0.5623477825438744 , 495 , 272
-0.08823348759066336 , 496 , 272
0.1400280084028 , 497 , 272
0.4909731295457712 , 498 , 272
0.08404977220208038 , 499 , 272
0.27366810672704384 , 500 , 272
1.0 , 501 , 272
0 , 502 , 272
-0.1749684988123908 , 503 , 272
-0.33668143878274 , 504 , 272
-0.40254634373049347 , 505 , 272
0.48049993197420626 , 506 , 272
0 , 507 , 272
-0.1914854215512679 , 508 , 272
0 , 509 , 272
0 , 510 , 272
0 , 511 , 272
-0.6123724356957891 , 512 , 272
-0.49999999999998934 , 513 , 272
-0.19030078608342418 , 514 , 272
0 , 515 , 272
-0.3273268353539852 , 516 , 272
-1.0 , 517 , 272
0 , 518 , 272
0 , 519 , 272
0 , 520 , 272
0.1329300307533686 , 521 , 272
0.21997067253202995 , 522 , 272
-0.2499999999999999 , 523 , 272
-0.051836210910623085 , 524 , 272
-1.0 , 525 , 272
-0.5000000000000053 , 526 , 272
0.17287078919239598 , 527 , 272
0.27602622373694213 , 528 , 272
0 , 529 , 272
0.0 , 530 , 272
0 , 531 , 272
0.017733172553298773 , 532 , 272
-0.20171756999499219 , 533 , 272
0 , 534 , 272
-0.14120539069073132 , 535 , 272
0.0671716613279829 , 536 , 272
0.2033475331287901 , 537 , 272
0.312114573447397 , 538 , 272
-0.25728166166265426 , 539 , 272
0 , 540 , 272
-0.1106566670344978 , 541 , 272
0.17233216725286693 , 542 , 272
0.2051956704170311 , 543 , 272
0 , 544 , 272
-0.12443420336765354 , 545 , 272
0.5000000000000027 , 546 , 272
0 , 547 , 272
0.4845437118523463 , 548 , 272
0.5000000000000027 , 549 , 272
0 , 550 , 272
0.29831124229715617 , 551 , 272
0.49999999999999933 , 552 , 272
0.31622776601683794 , 553 , 272
0.047824205095114466 , 554 , 272
0.0 , 555 , 272
0.05716619504749953 , 556 , 272
0.47140452079103173 , 557 , 272
0 , 558 , 272
-0.2434844232804337 , 559 , 272
0.29772917102591356 , 560 , 272
0.2234749152272999 , 561 , 272
0.14317566531022702 , 562 , 272
-0.9999999999999947 , 563 , 272
0 , 564 , 272
0 , 565 , 272
0.11384563888479704 , 566 , 272
0.08105852801751591 , 567 , 272
0.7496713736423318 , 568 , 272
0 , 569 , 272
0 , 570 , 272
0.8164965809277261 , 571 , 272
0 , 572 , 272
0.4330127018922204 , 573 , 272
0 , 574 , 272
0.3611575592573076 , 575 , 272
0.2425356250363332 , 576 , 272
-0.0657951694959769 , 577 , 272
0 , 578 , 272
-0.14085904245475367 , 579 , 272
0 , 580 , 272
1.0 , 581 , 272
0 , 582 , 272
0 , 583 , 272
0 , 584 , 272
0 , 585 , 272
0.1486807035306013 , 586 , 272
0 , 587 , 272
-0.07441168295606794 , 588 , 272
0 , 589 , 272
0 , 590 , 272
0.45833333333332893 , 591 , 272
-0.3149228315669518 , 592 , 272
0.06721660724223315 , 593 , 272
0.5773502691896258 , 594 , 272
0.49999999999999933 , 595 , 272
0 , 596 , 272
-1.0 , 597 , 272
0 , 598 , 272
0 , 599 , 272
0.21957751641341533 , 600 , 272
-0.10743752513757988 , 601 , 272
0 , 602 , 272
-0.27824333745610225 , 603 , 272
-0.30542361089076453 , 604 , 272
-0.26757346309588964 , 605 , 272
0.0066527842239493306 , 606 , 272
0.0912870929175248 , 607 , 272
0.12087562491973604 , 608 , 272
0 , 609 , 272
0.05527899928227987 , 610 , 272
0 , 611 , 272
-1.0 , 612 , 272
-0.40824829046386907 , 613 , 272
0 , 614 , 272
0.1203858530857692 , 615 , 272
0 , 616 , 272
0.3998519341056064 , 617 , 272
0.07566001206699018 , 618 , 272
0.31428571428571656 , 619 , 272
0.5345224838248488 , 620 , 272
-0.020851441405708087 , 621 , 272
0.13161780733740094 , 622 , 272
0.36144869800612694 , 623 , 272
-0.5000000000000053 , 624 , 272
-0.03149703941743645 , 625 , 272
0 , 626 , 272
-0.2418254167033345 , 627 , 272
0 , 628 , 272
0.3081226517279262 , 629 , 272
-0.32397579764593243 , 630 , 272
0 , 631 , 272
0.34599387978932405 , 632 , 272
0.10095089302501631 , 633 , 272
0.8660254037844402 , 634 , 272
0 , 635 , 272
0 , 636 , 272
-1.0 , 637 , 272
-0.22727272727272574 , 638 , 272
0.2219167619785609 , 639 , 272
0.4213749140395316 , 640 , 272
0.8750000000000048 , 641 , 272
-0.03898822520186957 , 642 , 272
0.1341382853057848 , 643 , 272
0 , 644 , 272
0.42332982979750183 , 645 , 272
0 , 646 , 272
0.3162277660168322 , 647 , 272
-0.19369399310801813 , 648 , 272
1.0 , 649 , 272
-0.12005392496439708 , 650 , 272
0 , 651 , 272
1.0 , 652 , 272
-0.027884268380254183 , 653 , 272
0.5773502691896258 , 654 , 272
0.016919299386969414 , 655 , 272
0 , 656 , 272
0 , 657 , 272
0.6585061837190669 , 658 , 272
0.4242607022448071 , 659 , 272
-0.1395202295937565 , 660 , 272
-0.3333333333333337 , 661 , 272
0 , 662 , 272
-0.018486846666159188 , 663 , 272
0.20083857810137276 , 664 , 272
0.2230295258033822 , 665 , 272
0.2539846450967881 , 666 , 272
-0.08908708063747593 , 667 , 272
0.4402254531628119 , 668 , 272
-0.023699852458103698 , 669 , 272
0.22360679774997896 , 670 , 272
-0.12295742868762825 , 671 , 272
1.0 , 672 , 272
0.5000000000000027 , 673 , 272
0.8660254037844402 , 674 , 272
0 , 675 , 272
0.23819653367016416 , 676 , 272
0 , 677 , 272
1.0 , 678 , 272
0.24712082528608847 , 679 , 272
0 , 680 , 272
0 , 681 , 272
0.07792045068399986 , 682 , 272
-0.19364916731037207 , 683 , 272
-0.25588315785958016 , 684 , 272
0 , 685 , 272
0.4213324203089023 , 686 , 272
0 , 687 , 272
0 , 688 , 272
0 , 689 , 272
0.058001479056575746 , 690 , 272
0.04287464628562846 , 691 , 272
-0.6363961030678981 , 692 , 272
0.37521418537061224 , 693 , 272
-0.2685795267463923 , 694 , 272
0 , 695 , 272
0 , 696 , 272
0.5000000000000009 , 697 , 272
0.10579091582269615 , 698 , 272
-0.31180478223116104 , 699 , 272
-0.39528470752104866 , 700 , 272
-1.0 , 701 , 272
0 , 702 , 272
0.5000000000000027 , 703 , 272
0.09128709291752654 , 704 , 272
0.9078412990032051 , 705 , 272
0 , 706 , 272
0.29202232388008625 , 707 , 272
-1.0 , 708 , 272
-0.03292431988832048 , 709 , 272
0.24845199749997143 , 710 , 272
-0.051189727999684964 , 711 , 272
0.21672761452040692 , 712 , 272
0 , 713 , 272
0 , 714 , 272
-0.08243856200137618 , 715 , 272
-0.10057088950980798 , 716 , 272
0.5000000000000009 , 717 , 272
0 , 718 , 272
-0.1259881576697424 , 719 , 272
0 , 720 , 272
0.49693969530404625 , 721 , 272
0 , 722 , 272
-0.5773502691896258 , 723 , 272
0 , 724 , 272
0 , 725 , 272
0 , 726 , 272
0.07747247335011212 , 727 , 272
0 , 728 , 272
0 , 729 , 272
0 , 730 , 272
0.2623821594764418 , 731 , 272
0 , 732 , 272
1.0 , 733 , 272
-0.5906244232186187 , 734 , 272
-0.5000000000000053 , 735 , 272
1.0 , 736 , 272
0.2089277235093369 , 737 , 272
-0.10808442529177709 , 738 , 272
0.4136747037992323 , 739 , 272
0 , 740 , 272
0.18687063686045838 , 741 , 272
1.0 , 742 , 272
0 , 743 , 272
0.774596669241479 , 744 , 272
-0.1668115312456588 , 745 , 272
-0.15617376188860602 , 746 , 272
-0.2866763152149805 , 747 , 272
0.2867696673382044 , 748 , 272
-0.22236025936793222 , 749 , 272
0 , 750 , 272
-0.07442084075352508 , 751 , 272
0 , 752 , 272
0.018993429409940747 , 753 , 272
0 , 754 , 272
0 , 755 , 272
0.3333333333333336 , 756 , 272
0.252509201094947 , 757 , 272
0.35580773898487644 , 758 , 272
-1.0 , 759 , 272
0 , 760 , 272
0.366899692852673 , 761 , 272
0 , 762 , 272
0.30525319520782246 , 763 , 272
0.0 , 764 , 272
0.5000000000000009 , 765 , 272
0.22509378340810424 , 766 , 272
-0.4166666666666694 , 767 , 272
1.0 , 768 , 272
0 , 769 , 272
0 , 770 , 272
-0.3691751922605946 , 771 , 272
0 , 772 , 272
0.08164965809277272 , 773 , 272
-0.03935236940099095 , 774 , 272
0 , 775 , 272
0.1777046633277277 , 776 , 272
-0.2560737598657939 , 777 , 272
0.14057269920110366 , 778 , 272
0 , 779 , 272
-0.02389092412837619 , 780 , 272
0.42743736699392704 , 781 , 272
0.899228803025897 , 782 , 272
0 , 783 , 272
0 , 784 , 272
0.22360679774997896 , 785 , 272
-0.27553463612731843 , 786 , 272
0 , 787 , 272
-0.24017509309348786 , 788 , 272
0.49999999999999933 , 789 , 272
0.11891767800211263 , 790 , 272
0 , 791 , 272
0 , 792 , 272
0.5000000000000027 , 793 , 272
0 , 794 , 272
0.03487370254530581 , 795 , 272
0.0 , 796 , 272
-1.0 , 797 , 272
0.23925029676257145 , 798 , 272
0.5773502691896258 , 799 , 272
0 , 800 , 272
0 , 801 , 272
-0.3768891807222025 , 802 , 272
0 , 803 , 272
0.19874881877998452 , 804 , 272
0.2683852666242991 , 805 , 272
-0.05095246653650655 , 806 , 272
-0.26135502982132164 , 807 , 272
0 , 808 , 272
0 , 809 , 272
0 , 810 , 272
0 , 811 , 272
1.0 , 812 , 272
0 , 813 , 272
0.5423261445466429 , 814 , 272
-0.33941125496954144 , 815 , 272
0 , 816 , 272
0 , 817 , 272
0 , 818 , 272
0 , 819 , 272
0 , 820 , 272
0 , 821 , 272
0 , 822 , 272
0.014678923792505946 , 823 , 272
0 , 824 , 272
-0.03464794643376185 , 825 , 272
0.3311330892662634 , 826 , 272
0 , 827 , 272
0 , 828 , 272
0 , 829 , 272
-0.1183289001405429 , 830 , 272
0.5881716976750483 , 831 , 272
0 , 832 , 272
0.3082998873346279 , 833 , 272
0 , 834 , 272
-0.17027056600295443 , 835 , 272
0.781735959970574 , 836 , 272
0 , 837 , 272
-0.3455579827037995 , 838 , 272
0 , 839 , 272
-0.09800745695020109 , 840 , 272
0 , 841 , 272
0 , 842 , 272
-0.1630991913422022 , 843 , 272
-0.17496355305593933 , 844 , 272
0 , 845 , 272
0.051819732150714 , 846 , 272
-0.02583280860973615 , 847 , 272
0.0987091068287444 , 848 , 272
0 , 849 , 272
-0.0909868056140013 , 850 , 272
0.5325564380631916 , 851 , 272
-1.0 , 852 , 272
0 , 853 , 272
0.13932312570655817 , 854 , 272
0 , 855 , 272
0 , 856 , 272
0 , 857 , 272
0 , 858 , 272
0 , 859 , 272
0.0 , 860 , 272
0 , 861 , 272
0.2087339382699876 , 862 , 272
0 , 863 , 272
-0.21823401153404812 , 864 , 272
0 , 865 , 272
0 , 866 , 272
0.46823919054308083 , 867 , 272
0.42665070026078944 , 868 , 272
0.8660254037844402 , 869 , 272
0.26492241071827055 , 870 , 272
0.6751399510385773 , 871 , 272
0 , 872 , 272
0 , 873 , 272
0 , 874 , 272
0.09849584951736708 , 875 , 272
-0.26919095102908275 , 876 , 272
0.30151134457776363 , 877 , 272
0.08287419301647311 , 878 , 272
1.0 , 879 , 272
0.042636940015037185 , 880 , 272
-0.1600606105546688 , 881 , 272
-0.2567568184104882 , 882 , 272
0.3482945813717031 , 883 , 272
0 , 884 , 272
0.4909902530309856 , 885 , 272
0.4109569692098458 , 886 , 272
0.07018624063435965 , 887 , 272
1.0 , 888 , 272
-0.030513909884867668 , 889 , 272
0.006421745399167989 , 890 , 272
0 , 891 , 272
0.40783808127036064 , 892 , 272
0.06201736729460266 , 893 , 272
0.645497224367902 , 894 , 272
0 , 895 , 272
0.2103060900608183 , 896 , 272
0.03840648523816937 , 897 , 272
0 , 898 , 272
0.28129578754609114 , 899 , 272
0.34156502553198803 , 900 , 272
-0.11028219331407137 , 901 , 272
-0.36115755925730747 , 902 , 272
0.45510409919085754 , 903 , 272
0 , 904 , 272
0 , 905 , 272
0 , 906 , 272
0.2631806779839115 , 907 , 272
-0.5525631972512463 , 908 , 272
0 , 909 , 272
0.08333333333333673 , 910 , 272
-0.16622858516379876 , 911 , 272
-0.05330017908890395 , 912 , 272
0.41089070180665904 , 913 , 272
0 , 914 , 272
0 , 915 , 272
0.12934669745381527 , 916 , 272
0 , 917 , 272
0.47760176745470984 , 918 , 272
0.04698092386498439 , 919 , 272
0 , 920 , 272
-0.3030216076314274 , 921 , 272
-0.23532440241230698 , 922 , 272
0 , 923 , 272
-0.05773502691896127 , 924 , 272
-0.8944271909999159 , 925 , 272
0 , 926 , 272
-0.2672612419124245 , 927 , 272
0.29277002188455997 , 928 , 272
0.05210501057189199 , 929 , 272
0.2886751345948129 , 930 , 272
1.0 , 931 , 272
0.20380594683858202 , 932 , 272
0.1771085097967436 , 933 , 272
0.21081851067789195 , 934 , 272
0 , 935 , 272
1.0 , 936 , 272
0 , 937 , 272
0 , 938 , 272
0 , 939 , 272
0.2833207219273557 , 940 , 272
0 , 941 , 272
-0.13245323570650008 , 942 , 272
0.21004201260420163 , 943 , 272
